sum: 1438, edgenum: 3204
地图加载成功
节点数：1438

生成 500 个订单：

===== R树插入完成 =====
已经插入 500 个订单

===== R树查询 =====
查询区域: (122.060000, 37.530000) ~ (122.070000, 37.535000)
找到 52 个订单
Order: id=278, pointid=945
Order: id=270, pointid=947
Order: id=109, pointid=96
Order: id=95, pointid=1015
Order: id=479, pointid=1402
Order: id=2, pointid=1008
Order: id=12, pointid=1014
Order: id=460, pointid=1014
Order: id=5, pointid=1009
Order: id=26, pointid=957
Order: id=182, pointid=1009
Order: id=21, pointid=1017
Order: id=101, pointid=1017
Order: id=402, pointid=607
Order: id=379, pointid=62
Order: id=285, pointid=605
Order: id=294, pointid=1011
Order: id=11, pointid=609
Order: id=289, pointid=118
Order: id=231, pointid=1010
Order: id=247, pointid=420
Order: id=53, pointid=422
Order: id=139, pointid=414
Order: id=387, pointid=414
Order: id=162, pointid=402
Order: id=416, pointid=785
Order: id=269, pointid=392
Order: id=47, pointid=154
Order: id=421, pointid=374
Order: id=386, pointid=277
Order: id=461, pointid=980
Order: id=471, pointid=1018
Order: id=427, pointid=1017
Order: id=450, pointid=982
Order: id=191, pointid=299
Order: id=371, pointid=278
Order: id=446, pointid=276
Order: id=237, pointid=295
Order: id=146, pointid=285
Order: id=33, pointid=995
Order: id=296, pointid=940
Order: id=181, pointid=1002
Order: id=178, pointid=1000
Order: id=389, pointid=939
Order: id=345, pointid=999
Order: id=348, pointid=1000
Order: id=210, pointid=905
Order: id=35, pointid=998
Order: id=488, pointid=998
Order: id=262, pointid=996
Order: id=369, pointid=934
Order: id=403, pointid=934

===== 距离矩阵 =====
                BASE       945       947        96      1015      1402      1008      1014      1014      1009       957      1009      1017      1017       607        62       605      1011       609       118      1010       420       422       414       414       402       785       392       154       374       277       980      1018      1017       982       299       278       276       295       285       995       940      1002      1000       939       999      1000       905       998       998       996       934       934
      BASE      0.00   1875.58   1862.37   2338.00   2088.53   2259.13   1975.50   2083.33   2083.33   1988.77   1886.56   1988.77   2114.13   2114.13   1997.13   2073.79   2040.17   1942.10   2034.06   2056.88   1977.28   2791.22   2800.02   2641.95   2641.95   2767.04   2661.64   2771.95   2540.10   2763.15   2424.04   2050.70   2088.11   2114.13   1996.73   2359.63   1816.56   2438.06   2430.52   2470.16   1986.05   1873.54   2119.72   2170.16   1865.55   2137.64   2170.16   2104.62   2073.16   2073.16   1942.19   1835.51   1835.51
       945   1875.58      0.00     13.21    488.84    239.37    409.97    286.25    234.17    234.17    299.52     48.98    299.52    264.97    264.97    159.55    224.63    191.01    252.85    196.48    219.30    288.03   1229.80   1238.60   1080.53   1080.53   1205.62    812.48   1210.53    978.68   1201.73    698.63    201.54    238.95    264.97    147.57    634.22    256.81    712.65    705.11    744.75    390.07     31.66    515.21    565.65     39.65    533.13    565.65    255.46    468.65    468.65    346.21     69.69     69.69
       947   1862.37     13.21      0.00    475.63    226.16    396.76    273.04    220.96    220.96    286.31     35.77    286.31    251.76    251.76    146.34    211.42    177.80    239.64    183.27    206.09    274.82   1216.59   1225.39   1067.32   1067.32   1192.41    799.27   1197.32    965.47   1188.52    685.42    188.33    225.74    251.76    134.36    621.01    243.60    699.44    691.90    731.54    376.86     44.87    502.00    552.44     52.86    519.92    552.44    242.25    455.44    455.44    333.00     82.90     82.90
        96   2338.00    488.84    475.63      0.00    630.41     78.87    697.83    625.21    625.21    711.10    460.56    711.10    656.01    656.01    351.25    264.21    297.83    664.43    388.18    368.28    699.61   1008.13   1016.93    858.86    858.86    983.95    323.64    988.86    757.01    980.06    476.96    562.41    629.99    656.01    538.61    412.55    677.99    490.98    483.44    523.08    503.31    520.50    537.40    587.84    528.49    555.32    587.84    508.49    490.84    490.84    547.17    558.53    558.53
      1015   2088.53    239.37    226.16    630.41      0.00    551.54    448.36     42.72     42.72    461.63    211.09    461.63     46.20     46.20    302.06    366.20    332.58    414.96    338.99    361.81    450.14   1132.14   1140.94    982.87    982.87   1107.96    954.05   1112.87    881.02   1104.07    600.97    145.77     72.22     46.20     91.80    536.56    469.76    614.99    607.45    647.09    383.46    271.03    417.55    467.99    279.02    435.47    467.99    157.80    370.99    370.99    427.32    309.06    309.06
      1402   2259.13    409.97    396.76     78.87    551.54      0.00    618.96    546.34    546.34    632.23    381.69    632.23    577.14    577.14    272.38    185.34    218.96    585.56    309.31    289.41    620.74    929.26    938.06    779.99    779.99    905.08    402.51    909.99    678.14    901.19    398.09    483.54    551.12    577.14    459.74    333.68    599.12    412.11    404.57    444.21    424.44    441.63    458.53    508.97    449.62    476.45    508.97    429.62    411.97    411.97    468.30    479.66    479.66
      1008   1975.50    286.25    273.04    697.83    448.36    618.96      0.00    443.16    443.16     13.27    237.27     13.27    473.96    473.96    347.84    433.62    400.00     81.93    384.77    407.59     46.75   1438.79   1447.59   1289.52   1289.52   1414.61   1021.47   1419.52   1187.67   1410.72    907.62    410.53    447.94    473.96    356.56    843.21    515.79    921.64    914.10    953.74    649.05    317.91    724.20    774.64    325.90    742.12    774.64    464.45    677.64    677.64    605.19    355.94    355.94
      1014   2083.33    234.17    220.96    625.21     42.72    546.34    443.16      0.00      0.00    456.43    205.89    456.43     88.92     88.92    296.86    361.00    327.38    409.76    333.79    356.61    444.94   1126.94   1135.74    977.67    977.67   1102.76    948.85   1107.67    875.82   1098.87    595.77    140.57     81.78     88.92     86.60    531.36    464.56    609.79    602.25    641.89    378.26    265.83    412.35    462.79    273.82    430.27    462.79    152.60    365.79    365.79    422.12    303.86    303.86
      1014   2083.33    234.17    220.96    625.21     42.72    546.34    443.16      0.00      0.00    456.43    205.89    456.43     88.92     88.92    296.86    361.00    327.38    409.76    333.79    356.61    444.94   1126.94   1135.74    977.67    977.67   1102.76    948.85   1107.67    875.82   1098.87    595.77    140.57     81.78     88.92     86.60    531.36    464.56    609.79    602.25    641.89    378.26    265.83    412.35    462.79    273.82    430.27    462.79    152.60    365.79    365.79    422.12    303.86    303.86
      1009   1988.77    299.52    286.31    711.10    461.63    632.23     13.27    456.43    456.43      0.00    250.54      0.00    487.23    487.23    361.11    446.89    413.27     68.66    398.04    420.86     33.48   1452.06   1460.86   1302.79   1302.79   1427.88   1034.74   1432.79   1200.94   1423.99    920.89    423.80    461.21    487.23    369.83    856.48    529.06    934.91    927.37    967.01    662.32    331.18    737.47    787.91    339.17    755.39    787.91    477.72    690.91    690.91    618.46    369.21    369.21
       957   1886.56     48.98     35.77    460.56    211.09    381.69    237.27    205.89    205.89    250.54      0.00    250.54    236.69    236.69    110.57    196.35    162.73    203.87    147.50    170.32    239.05   1201.52   1210.32   1052.25   1052.25   1177.34    784.20   1182.25    950.40   1173.45    670.35    173.26    210.67    236.69    119.29    605.94    278.52    684.37    676.83    716.47    411.78     80.64    486.93    537.37     88.63    504.85    537.37    227.18    440.37    440.37    367.92    118.67    118.67
      1009   1988.77    299.52    286.31    711.10    461.63    632.23     13.27    456.43    456.43      0.00    250.54      0.00    487.23    487.23    361.11    446.89    413.27     68.66    398.04    420.86     33.48   1452.06   1460.86   1302.79   1302.79   1427.88   1034.74   1432.79   1200.94   1423.99    920.89    423.80    461.21    487.23    369.83    856.48    529.06    934.91    927.37    967.01    662.32    331.18    737.47    787.91    339.17    755.39    787.91    477.72    690.91    690.91    618.46    369.21    369.21
      1017   2114.13    264.97    251.76    656.01     46.20    577.14    473.96     88.92     88.92    487.23    236.69    487.23      0.00      0.00    327.66    391.80    358.18    440.56    364.59    387.41    475.74   1157.74   1166.54   1008.47   1008.47   1133.56    979.65   1138.47    906.62   1129.67    626.57    171.37     26.02      0.00    117.40    562.16    495.36    640.59    633.05    672.69    409.06    296.63    443.15    493.59    304.62    461.07    493.59    183.40    396.59    396.59    452.92    334.66    334.66
      1017   2114.13    264.97    251.76    656.01     46.20    577.14    473.96     88.92     88.92    487.23    236.69    487.23      0.00      0.00    327.66    391.80    358.18    440.56    364.59    387.41    475.74   1157.74   1166.54   1008.47   1008.47   1133.56    979.65   1138.47    906.62   1129.67    626.57    171.37     26.02      0.00    117.40    562.16    495.36    640.59    633.05    672.69    409.06    296.63    443.15    493.59    304.62    461.07    493.59    183.40    396.59    396.59    452.92    334.66    334.66
       607   1997.13    159.55    146.34    351.25    302.06    272.38    347.84    296.86    296.86    361.11    110.57    361.11    327.66    327.66      0.00     87.04     53.42    314.44     36.93     59.75    349.62   1147.60   1156.40    998.33    998.33   1123.42    674.89   1128.33    896.48   1119.53    616.43    264.23    301.64    327.66    210.26    552.02    389.09    630.45    622.91    662.55    522.35    191.21    577.90    628.34    199.20    595.82    628.34    318.15    531.34    531.34    478.49    229.24    229.24
        62   2073.79    224.63    211.42    264.21    366.20    185.34    433.62    361.00    361.00    446.89    196.35    446.89    391.80    391.80     87.04      0.00     33.62    400.22    123.97    104.07    435.40   1060.56   1069.36    911.29    911.29   1036.38    587.85   1041.29    809.44   1032.49    529.39    328.37    365.78    391.80    274.40    464.98    455.02    543.41    535.87    575.51    555.74    256.29    589.83    640.27    264.28    607.75    640.27    382.29    543.27    543.27    544.42    294.32    294.32
       605   2040.17    191.01    177.80    297.83    332.58    218.96    400.00    327.38    327.38    413.27    162.73    413.27    358.18    358.18     53.42     33.62      0.00    366.60     90.35    113.17    401.78   1094.18   1102.98    944.91    944.91   1070.00    621.47   1074.91    843.06   1066.11    563.01    294.75    332.16    358.18    240.78    498.60    421.40    577.03    569.49    609.13    554.66    222.67    608.42    658.86    230.66    626.34    658.86    348.67    561.86    561.86    510.80    260.70    260.70
      1011   1942.10    252.85    239.64    664.43    414.96    585.56     81.93    409.76    409.76     68.66    203.87     68.66    440.56    440.56    314.44    400.22    366.60      0.00    351.37    374.19     35.18   1405.39   1414.19   1256.12   1256.12   1381.21    988.07   1386.12   1154.27   1377.32    874.22    377.13    414.54    440.56    323.16    809.81    482.39    888.24    880.70    920.34    615.65    284.51    690.80    741.24    292.50    708.72    741.24    431.05    644.24    644.24    571.79    322.54    322.54
       609   2034.06    196.48    183.27    388.18    338.99    309.31    384.77    333.79    333.79    398.04    147.50    398.04    364.59    364.59     36.93    123.97     90.35    351.37      0.00     22.82    386.55   1184.53   1193.33   1035.26   1035.26   1160.35    711.82   1165.26    933.41   1156.46    653.36    301.16    338.57    364.59    247.19    588.95    426.02    667.38    659.84    699.48    559.28    228.14    614.83    665.27    236.13    632.75    665.27    355.08    568.27    568.27    515.42    266.17    266.17
       118   2056.88    219.30    206.09    368.28    361.81    289.41    407.59    356.61    356.61    420.86    170.32    420.86    387.41    387.41     59.75    104.07    113.17    374.19     22.82      0.00    409.37   1164.63   1173.43   1015.36   1015.36   1140.45    691.92   1145.36    913.51   1136.56    633.46    323.98    361.39    387.41    270.01    569.05    448.84    647.48    639.94    679.58    582.10    250.96    637.65    688.09    258.95    655.57    688.09    377.90    591.09    591.09    538.24    288.99    288.99
      1010   1977.28    288.03    274.82    699.61    450.14    620.74     46.75    444.94    444.94     33.48    239.05     33.48    475.74    475.74    349.62    435.40    401.78     35.18    386.55    409.37      0.00   1440.57   1449.37   1291.30   1291.30   1416.39   1023.25   1421.30   1189.45   1412.50    909.40    412.31    449.72    475.74    358.34    844.99    517.57    923.42    915.88    955.52    650.83    319.69    725.98    776.42    327.68    743.90    776.42    466.23    679.42    679.42    606.97    357.72    357.72
       420   2791.22   1229.80   1216.59   1008.13   1132.14    929.26   1438.79   1126.94   1126.94   1452.06   1201.52   1452.06   1157.74   1157.74   1147.60   1060.56   1094.18   1405.39   1184.53   1164.63   1440.57      0.00    128.17    149.27    149.27     33.42   1331.77    216.81    401.68    141.73    795.73   1028.26   1131.72   1157.74   1082.23    731.32   1143.84    809.75    802.21    841.85    969.16   1261.46   1003.25   1053.69   1269.45   1021.17   1053.69    974.34    956.69    956.69   1013.02   1299.49   1299.49
       422   2800.02   1238.60   1225.39   1016.93   1140.94    938.06   1447.59   1135.74   1135.74   1460.86   1210.32   1460.86   1166.54   1166.54   1156.40   1069.36   1102.98   1414.19   1193.33   1173.43   1449.37    128.17      0.00    158.07    158.07     94.75   1340.57    225.61    410.48    212.30    804.53   1037.06   1140.52   1166.54   1091.03    740.12   1152.64    818.55    811.01    850.65    977.96   1270.26   1012.05   1062.49   1278.25   1029.97   1062.49    983.14    965.49    965.49   1021.82   1308.29   1308.29
       414   2641.95   1080.53   1067.32    858.86    982.87    779.99   1289.52    977.67    977.67   1302.79   1052.25   1302.79   1008.47   1008.47    998.33    911.29    944.91   1256.12   1035.26   1015.36   1291.30    149.27    158.07      0.00      0.00    125.09   1182.50    130.00    252.41    121.20    646.46    878.99    982.45   1008.47    932.96    582.05    994.57    660.48    652.94    692.58    819.89   1112.19    853.98    904.42   1120.18    871.90    904.42    825.07    807.42    807.42    863.75   1150.22   1150.22
       414   2641.95   1080.53   1067.32    858.86    982.87    779.99   1289.52    977.67    977.67   1302.79   1052.25   1302.79   1008.47   1008.47    998.33    911.29    944.91   1256.12   1035.26   1015.36   1291.30    149.27    158.07      0.00      0.00    125.09   1182.50    130.00    252.41    121.20    646.46    878.99    982.45   1008.47    932.96    582.05    994.57    660.48    652.94    692.58    819.89   1112.19    853.98    904.42   1120.18    871.90    904.42    825.07    807.42    807.42    863.75   1150.22   1150.22
       402   2767.04   1205.62   1192.41    983.95   1107.96    905.08   1414.61   1102.76   1102.76   1427.88   1177.34   1427.88   1133.56   1133.56   1123.42   1036.38   1070.00   1381.21   1160.35   1140.45   1416.39     33.42     94.75    125.09    125.09      0.00   1307.59    192.63    377.50    117.55    771.55   1004.08   1107.54   1133.56   1058.05    707.14   1119.66    785.57    778.03    817.67    944.98   1237.28    979.07   1029.51   1245.27    996.99   1029.51    950.16    932.51    932.51    988.84   1275.31   1275.31
       785   2661.64    812.48    799.27    323.64    954.05    402.51   1021.47    948.85    948.85   1034.74    784.20   1034.74    979.65    979.65    674.89    587.85    621.47    988.07    711.82    691.92   1023.25   1331.77   1340.57   1182.50   1182.50   1307.59      0.00   1312.50   1080.65   1303.70    800.60    886.05    953.63    979.65    862.25    736.19   1001.63    814.62    807.08    846.72    826.95    844.14    861.04    911.48    852.13    878.96    911.48    832.13    814.48    814.48    870.81    882.17    882.17
       392   2771.95   1210.53   1197.32    988.86   1112.87    909.99   1419.52   1107.67   1107.67   1432.79   1182.25   1432.79   1138.47   1138.47   1128.33   1041.29   1074.91   1386.12   1165.26   1145.36   1421.30    216.81    225.61    130.00    130.00    192.63   1312.50      0.00    382.41    188.74    776.46   1008.99   1112.45   1138.47   1062.96    712.05   1124.57    790.48    782.94    822.58    949.89   1242.19    983.98   1034.42   1250.18   1001.90   1034.42    955.07    937.42    937.42    993.75   1280.22   1280.22
       154   2540.10    978.68    965.47    757.01    881.02    678.14   1187.67    875.82    875.82   1200.94    950.40   1200.94    906.62    906.62    896.48    809.44    843.06   1154.27    933.41    913.51   1189.45    401.68    410.48    252.41    252.41    377.50   1080.65    382.41      0.00    373.61    544.61    777.14    880.60    906.62    831.11    480.20    892.72    558.63    551.09    590.73    718.04   1010.34    752.13    802.57   1018.33    770.05    802.57    723.22    705.57    705.57    761.90   1048.37   1048.37
       374   2763.15   1201.73   1188.52    980.06   1104.07    901.19   1410.72   1098.87   1098.87   1423.99   1173.45   1423.99   1129.67   1129.67   1119.53   1032.49   1066.11   1377.32   1156.46   1136.56   1412.50    141.73    212.30    121.20    121.20    117.55   1303.70    188.74    373.61      0.00    767.66   1000.19   1103.65   1129.67   1054.16    703.25   1115.77    781.68    774.14    813.78    941.09   1233.39    975.18   1025.62   1241.38    993.10   1025.62    946.27    928.62    928.62    984.95   1271.42   1271.42
       277   2424.04    698.63    685.42    476.96    600.97    398.09    907.62    595.77    595.77    920.89    670.35    920.89    626.57    626.57    616.43    529.39    563.01    874.22    653.36    633.46    909.40    795.73    804.53    646.46    646.46    771.55    800.60    776.46    544.61    767.66      0.00    497.09    600.55    626.57    551.06     64.41    612.67     84.60    135.30    117.53    437.99    730.29    472.08    522.52    738.28    490.00    522.52    443.17    425.52    425.52    481.85    768.32    768.32
       980   2050.70    201.54    188.33    562.41    145.77    483.54    410.53    140.57    140.57    423.80    173.26    423.80    171.37    171.37    264.23    328.37    294.75    377.13    301.16    323.98    412.31   1028.26   1037.06    878.99    878.99   1004.08    886.05   1008.99    777.14   1000.19    497.09      0.00    145.35    171.37     53.97    432.68    431.93    511.11    503.57    543.21    279.58    233.20    313.67    364.11    241.19    331.59    364.11     53.92    267.11    267.11    323.44    271.23    271.23
      1018   2088.11    238.95    225.74    629.99     72.22    551.12    447.94     81.78     81.78    461.21    210.67    461.21     26.02     26.02    301.64    365.78    332.16    414.54    338.57    361.39    449.72   1131.72   1140.52    982.45    982.45   1107.54    953.63   1112.45    880.60   1103.65    600.55    145.35      0.00     26.02     91.38    536.14    469.34    614.57    607.03    646.67    383.04    270.61    417.13    467.57    278.60    435.05    467.57    157.38    370.57    370.57    426.90    308.64    308.64
      1017   2114.13    264.97    251.76    656.01     46.20    577.14    473.96     88.92     88.92    487.23    236.69    487.23      0.00      0.00    327.66    391.80    358.18    440.56    364.59    387.41    475.74   1157.74   1166.54   1008.47   1008.47   1133.56    979.65   1138.47    906.62   1129.67    626.57    171.37     26.02      0.00    117.40    562.16    495.36    640.59    633.05    672.69    409.06    296.63    443.15    493.59    304.62    461.07    493.59    183.40    396.59    396.59    452.92    334.66    334.66
       982   1996.73    147.57    134.36    538.61     91.80    459.74    356.56     86.60     86.60    369.83    119.29    369.83    117.40    117.40    210.26    274.40    240.78    323.16    247.19    270.01    358.34   1082.23   1091.03    932.96    932.96   1058.05    862.25   1062.96    831.11   1054.16    551.06     53.97     91.38    117.40      0.00    486.65    377.96    565.08    557.54    597.18    333.55    179.23    367.64    418.08    187.22    385.56    418.08    107.89    321.08    321.08    377.41    217.26    217.26
       299   2359.63    634.22    621.01    412.55    536.56    333.68    843.21    531.36    531.36    856.48    605.94    856.48    562.16    562.16    552.02    464.98    498.60    809.81    588.95    569.05    844.99    731.32    740.12    582.05    582.05    707.14    736.19    712.05    480.20    703.25     64.41    432.68    536.14    562.16    486.65      0.00    548.26     78.43     70.89    110.53    373.58    665.88    407.67    458.11    673.87    425.59    458.11    378.76    361.11    361.11    417.44    703.91    703.91
       278   1816.56    256.81    243.60    677.99    469.76    599.12    515.79    464.56    464.56    529.06    278.52    529.06    495.36    495.36    389.09    455.02    421.40    482.39    426.02    448.84    517.57   1143.84   1152.64    994.57    994.57   1119.66   1001.63   1124.57    892.72   1115.77    612.67    431.93    469.34    495.36    377.96    548.26      0.00    626.69    619.15    658.79    174.68    254.77    308.35    358.79    246.78    326.27    358.79    400.34    261.79    261.79    130.82    216.74    216.74
       276   2438.06    712.65    699.44    490.98    614.99    412.11    921.64    609.79    609.79    934.91    684.37    934.91    640.59    640.59    630.45    543.41    577.03    888.24    667.38    647.48    923.42    809.75    818.55    660.48    660.48    785.57    814.62    790.48    558.63    781.68     84.60    511.11    614.57    640.59    565.08     78.43    626.69      0.00     72.57     32.93    452.01    744.31    486.10    536.54    752.30    504.02    536.54    457.19    439.54    439.54    495.87    782.34    782.34
       295   2430.52    705.11    691.90    483.44    607.45    404.57    914.10    602.25    602.25    927.37    676.83    927.37    633.05    633.05    622.91    535.87    569.49    880.70    659.84    639.94    915.88    802.21    811.01    652.94    652.94    778.03    807.08    782.94    551.09    774.14    135.30    503.57    607.03    633.05    557.54     70.89    619.15     72.57      0.00     39.64    444.47    736.77    478.56    529.00    744.76    496.48    529.00    449.65    432.00    432.00    488.33    774.80    774.80
       285   2470.16    744.75    731.54    523.08    647.09    444.21    953.74    641.89    641.89    967.01    716.47    967.01    672.69    672.69    662.55    575.51    609.13    920.34    699.48    679.58    955.52    841.85    850.65    692.58    692.58    817.67    846.72    822.58    590.73    813.78    117.53    543.21    646.67    672.69    597.18    110.53    658.79     32.93     39.64      0.00    484.11    776.41    518.20    568.64    784.40    536.12    568.64    489.29    471.64    471.64    527.97    814.44    814.44
       995   1986.05    390.07    376.86    503.31    383.46    424.44    649.05    378.26    378.26    662.32    411.78    662.32    409.06    409.06    522.35    555.74    554.66    615.65    559.28    582.10    650.83    969.16    977.96    819.89    819.89    944.98    826.95    949.89    718.04    941.09    437.99    279.58    383.04    409.06    333.55    373.58    174.68    452.01    444.47    484.11      0.00    388.03    133.67    184.11    380.04    151.59    184.11    225.66     87.11     87.11     43.86    350.00    350.00
       940   1873.54     31.66     44.87    520.50    271.03    441.63    317.91    265.83    265.83    331.18     80.64    331.18    296.63    296.63    191.21    256.29    222.67    284.51    228.14    250.96    319.69   1261.46   1270.26   1112.19   1112.19   1237.28    844.14   1242.19   1010.34   1233.39    730.29    233.20    270.61    296.63    179.23    665.88    254.77    744.31    736.77    776.41    388.03      0.00    521.70    572.14      7.99    539.62    572.14    287.12    475.14    475.14    344.17     38.03     38.03
      1002   2119.72    515.21    502.00    537.40    417.55    458.53    724.20    412.35    412.35    737.47    486.93    737.47    443.15    443.15    577.90    589.83    608.42    690.80    614.83    637.65    725.98   1003.25   1012.05    853.98    853.98    979.07    861.04    983.98    752.13    975.18    472.08    313.67    417.13    443.15    367.64    407.67    308.35    486.10    478.56    518.20    133.67    521.70      0.00     50.44    513.71     98.43     50.44    259.75     78.70     78.70    177.53    483.67    483.67
      1000   2170.16    565.65    552.44    587.84    467.99    508.97    774.64    462.79    462.79    787.91    537.37    787.91    493.59    493.59    628.34    640.27    658.86    741.24    665.27    688.09    776.42   1053.69   1062.49    904.42    904.42   1029.51    911.48   1034.42    802.57   1025.62    522.52    364.11    467.57    493.59    418.08    458.11    358.79    536.54    529.00    568.64    184.11    572.14     50.44      0.00    564.15     47.99      0.00    310.19    112.47    112.47    227.97    534.11    534.11
       939   1865.55     39.65     52.86    528.49    279.02    449.62    325.90    273.82    273.82    339.17     88.63    339.17    304.62    304.62    199.20    264.28    230.66    292.50    236.13    258.95    327.68   1269.45   1278.25   1120.18   1120.18   1245.27    852.13   1250.18   1018.33   1241.38    738.28    241.19    278.60    304.62    187.22    673.87    246.78    752.30    744.76    784.40    380.04      7.99    513.71    564.15      0.00    531.63    564.15    295.11    467.15    467.15    336.18     30.04     30.04
       999   2137.64    533.13    519.92    555.32    435.47    476.45    742.12    430.27    430.27    755.39    504.85    755.39    461.07    461.07    595.82    607.75    626.34    708.72    632.75    655.57    743.90   1021.17   1029.97    871.90    871.90    996.99    878.96   1001.90    770.05    993.10    490.00    331.59    435.05    461.07    385.56    425.59    326.27    504.02    496.48    536.12    151.59    539.62     98.43     47.99    531.63      0.00     47.99    277.67     64.48     64.48    195.45    501.59    501.59
      1000   2170.16    565.65    552.44    587.84    467.99    508.97    774.64    462.79    462.79    787.91    537.37    787.91    493.59    493.59    628.34    640.27    658.86    741.24    665.27    688.09    776.42   1053.69   1062.49    904.42    904.42   1029.51    911.48   1034.42    802.57   1025.62    522.52    364.11    467.57    493.59    418.08    458.11    358.79    536.54    529.00    568.64    184.11    572.14     50.44      0.00    564.15     47.99      0.00    310.19    112.47    112.47    227.97    534.11    534.11
       905   2104.62    255.46    242.25    508.49    157.80    429.62    464.45    152.60    152.60    477.72    227.18    477.72    183.40    183.40    318.15    382.29    348.67    431.05    355.08    377.90    466.23    974.34    983.14    825.07    825.07    950.16    832.13    955.07    723.22    946.27    443.17     53.92    157.38    183.40    107.89    378.76    400.34    457.19    449.65    489.29    225.66    287.12    259.75    310.19    295.11    277.67    310.19      0.00    213.19    213.19    269.52    325.15    325.15
       998   2073.16    468.65    455.44    490.84    370.99    411.97    677.64    365.79    365.79    690.91    440.37    690.91    396.59    396.59    531.34    543.27    561.86    644.24    568.27    591.09    679.42    956.69    965.49    807.42    807.42    932.51    814.48    937.42    705.57    928.62    425.52    267.11    370.57    396.59    321.08    361.11    261.79    439.54    432.00    471.64     87.11    475.14     78.70    112.47    467.15     64.48    112.47    213.19      0.00      0.00    130.97    437.11    437.11
       998   2073.16    468.65    455.44    490.84    370.99    411.97    677.64    365.79    365.79    690.91    440.37    690.91    396.59    396.59    531.34    543.27    561.86    644.24    568.27    591.09    679.42    956.69    965.49    807.42    807.42    932.51    814.48    937.42    705.57    928.62    425.52    267.11    370.57    396.59    321.08    361.11    261.79    439.54    432.00    471.64     87.11    475.14     78.70    112.47    467.15     64.48    112.47    213.19      0.00      0.00    130.97    437.11    437.11
       996   1942.19    346.21    333.00    547.17    427.32    468.30    605.19    422.12    422.12    618.46    367.92    618.46    452.92    452.92    478.49    544.42    510.80    571.79    515.42    538.24    606.97   1013.02   1021.82    863.75    863.75    988.84    870.81    993.75    761.90    984.95    481.85    323.44    426.90    452.92    377.41    417.44    130.82    495.87    488.33    527.97     43.86    344.17    177.53    227.97    336.18    195.45    227.97    269.52    130.97    130.97      0.00    306.14    306.14
       934   1835.51     69.69     82.90    558.53    309.06    479.66    355.94    303.86    303.86    369.21    118.67    369.21    334.66    334.66    229.24    294.32    260.70    322.54    266.17    288.99    357.72   1299.49   1308.29   1150.22   1150.22   1275.31    882.17   1280.22   1048.37   1271.42    768.32    271.23    308.64    334.66    217.26    703.91    216.74    782.34    774.80    814.44    350.00     38.03    483.67    534.11     30.04    501.59    534.11    325.15    437.11    437.11    306.14      0.00      0.00
       934   1835.51     69.69     82.90    558.53    309.06    479.66    355.94    303.86    303.86    369.21    118.67    369.21    334.66    334.66    229.24    294.32    260.70    322.54    266.17    288.99    357.72   1299.49   1308.29   1150.22   1150.22   1275.31    882.17   1280.22   1048.37   1271.42    768.32    271.23    308.64    334.66    217.26    703.91    216.74    782.34    774.80    814.44    350.00     38.03    483.67    534.11     30.04    501.59    534.11    325.15    437.11    437.11    306.14      0.00      0.00

===== TSP结果 =====
访问顺序：0 -> 36 -> 50 -> 40 -> 48 -> 49 -> 45 -> 43 -> 46 -> 42 -> 28 -> 23 -> 24 -> 29 -> 21 -> 25 -> 22 -> 27 -> 35 -> 30 -> 37 -> 39 -> 38 -> 26 -> 3 -> 5 -> 15 -> 16 -> 19 -> 18 -> 14 -> 31 -> 47 -> 7 -> 8 -> 4 -> 12 -> 13 -> 33 -> 32 -> 34 -> 41 -> 44 -> 51 -> 52 -> 1 -> 2 -> 10 -> 17 -> 20 -> 9 -> 11 -> 6
总距离：7696.41
sum: 1438, edgenum: 3204
地图加载成功
节点数：1438

生成 500 个订单：

===== R树插入完成 =====
已经插入 500 个订单

===== R树查询 =====
查询区域: (122.060000, 37.530000) ~ (122.070000, 37.535000)
找到 48 个订单
Order: id=108, pointid=392
Order: id=38, pointid=374
Order: id=116, pointid=374
Order: id=176, pointid=414
Order: id=157, pointid=603
Order: id=149, pointid=605
Order: id=13, pointid=785
Order: id=37, pointid=74
Order: id=106, pointid=74
Order: id=451, pointid=102
Order: id=200, pointid=74
Order: id=251, pointid=374
Order: id=257, pointid=1016
Order: id=34, pointid=908
Order: id=305, pointid=911
Order: id=328, pointid=1013
Order: id=237, pointid=1008
Order: id=140, pointid=947
Order: id=289, pointid=947
Order: id=57, pointid=925
Order: id=6, pointid=937
Order: id=277, pointid=906
Order: id=272, pointid=277
Order: id=93, pointid=153
Order: id=153, pointid=289
Order: id=479, pointid=153
Order: id=82, pointid=934
Order: id=205, pointid=940
Order: id=127, pointid=961
Order: id=256, pointid=937
Order: id=500, pointid=961
Order: id=110, pointid=945
Order: id=282, pointid=956
Order: id=387, pointid=956
Order: id=452, pointid=947
Order: id=276, pointid=612
Order: id=407, pointid=956
Order: id=459, pointid=1018
Order: id=470, pointid=995
Order: id=23, pointid=906
Order: id=490, pointid=910
Order: id=397, pointid=1000
Order: id=183, pointid=1002
Order: id=493, pointid=1003
Order: id=483, pointid=1012
Order: id=432, pointid=982
Order: id=433, pointid=982
Order: id=497, pointid=1007

===== 距离矩阵 =====
                BASE       392       374       374       414       603       605       785        74        74       102        74       374      1016       908       911      1013      1008       947       947       925       937       906       277       153       289       153       934       940       961       937       961       945       956       956       947       612       956      1018       995       906       910      1000      1002      1003      1012       982       982      1007
      BASE      0.00   2771.95   2763.15   2763.15   2641.95   2052.73   2040.17   2661.64   2610.62   2610.62   2496.96   2610.62   2763.15   2118.39   1985.97   2036.55   2077.81   1975.50   1862.37   1862.37   1832.08   1856.42   2082.37   2424.04   2218.22   2441.82   2218.22   1835.51   1873.54   1887.50   1856.42   1887.50   1875.58   1887.79   1887.79   1862.37   1898.06   1887.79   2088.11   1986.05   2082.37   2058.83   2170.16   2119.72   2103.38   2044.83   1996.73   1996.73   1944.34
       392   2771.95      0.00    188.74    188.74    130.00   1062.35   1074.91   1312.50   1261.48   1261.48   1147.82   1261.48    188.74   1142.73   1073.72   1028.61   1102.15   1419.52   1197.32   1197.32   1103.86   1259.31    982.79    776.46    717.72    794.24    717.72   1280.22   1242.19   1222.45   1259.31   1222.45   1210.53   1171.90   1171.90   1197.32   1161.63   1171.90   1112.45    949.89    982.79   1006.33   1034.42    983.98    967.64   1069.17   1062.96   1062.96   1388.36
       374   2763.15    188.74      0.00      0.00    121.20   1053.55   1066.11   1303.70   1252.68   1252.68   1139.02   1252.68      0.00   1133.93   1064.92   1019.81   1093.35   1410.72   1188.52   1188.52   1095.06   1250.51    973.99    767.66    708.92    785.44    708.92   1271.42   1233.39   1213.65   1250.51   1213.65   1201.73   1163.10   1163.10   1188.52   1152.83   1163.10   1103.65    941.09    973.99    997.53   1025.62    975.18    958.84   1060.37   1054.16   1054.16   1379.56
       374   2763.15    188.74      0.00      0.00    121.20   1053.55   1066.11   1303.70   1252.68   1252.68   1139.02   1252.68      0.00   1133.93   1064.92   1019.81   1093.35   1410.72   1188.52   1188.52   1095.06   1250.51    973.99    767.66    708.92    785.44    708.92   1271.42   1233.39   1213.65   1250.51   1213.65   1201.73   1163.10   1163.10   1188.52   1152.83   1163.10   1103.65    941.09    973.99    997.53   1025.62    975.18    958.84   1060.37   1054.16   1054.16   1379.56
       414   2641.95    130.00    121.20    121.20      0.00    932.35    944.91   1182.50   1131.48   1131.48   1017.82   1131.48    121.20   1012.73    943.72    898.61    972.15   1289.52   1067.32   1067.32    973.86   1129.31    852.79    646.46    587.72    664.24    587.72   1150.22   1112.19   1092.45   1129.31   1092.45   1080.53   1041.90   1041.90   1067.32   1031.63   1041.90    982.45    819.89    852.79    876.33    904.42    853.98    837.64    939.17    932.96    932.96   1258.36
       603   2052.73   1062.35   1053.55   1053.55    932.35      0.00     12.56    608.91    557.89    557.89    444.23    557.89   1053.55    375.00    242.58    293.16    334.42    412.56    190.36    190.36    413.25    252.35    338.98    550.45    344.63    568.23    344.63    273.26    235.23    215.49    252.35    215.49    203.57    164.94    164.94    190.36    154.67    164.94    344.72    567.22    338.98    315.44    661.33    610.89    594.55    301.44    253.34    253.34    381.40
       605   2040.17   1074.91   1066.11   1066.11    944.91     12.56      0.00    621.47    570.45    570.45    456.79    570.45   1066.11    362.44    230.02    280.60    321.86    400.00    177.80    177.80    400.69    239.79    326.42    563.01    357.19    580.79    357.19    260.70    222.67    202.93    239.79    202.93    191.01    152.38    152.38    177.80    142.11    152.38    332.16    554.66    326.42    302.88    658.86    608.42    592.08    288.88    240.78    240.78    368.84
       785   2661.64   1312.50   1303.70   1303.70   1182.50    608.91    621.47      0.00     51.02     51.02    164.68     51.02   1303.70    983.91    851.49    902.07    943.33   1021.47    799.27    799.27    980.92    861.26    859.85    800.60    594.78    818.38    594.78    882.17    844.14    824.40    861.26    824.40    812.48    773.85    773.85    799.27    763.58    773.85    953.63    826.95    859.85    883.39    911.48    861.04    844.70    910.35    862.25    862.25    990.31
        74   2610.62   1261.48   1252.68   1252.68   1131.48    557.89    570.45     51.02      0.00      0.00    113.66      0.00   1252.68    932.89    800.47    851.05    892.31    970.45    748.25    748.25    929.90    810.24    808.83    749.58    543.76    767.36    543.76    831.15    793.12    773.38    810.24    773.38    761.46    722.83    722.83    748.25    712.56    722.83    902.61    775.93    808.83    832.37    860.46    810.02    793.68    859.33    811.23    811.23    939.29
        74   2610.62   1261.48   1252.68   1252.68   1131.48    557.89    570.45     51.02      0.00      0.00    113.66      0.00   1252.68    932.89    800.47    851.05    892.31    970.45    748.25    748.25    929.90    810.24    808.83    749.58    543.76    767.36    543.76    831.15    793.12    773.38    810.24    773.38    761.46    722.83    722.83    748.25    712.56    722.83    902.61    775.93    808.83    832.37    860.46    810.02    793.68    859.33    811.23    811.23    939.29
       102   2496.96   1147.82   1139.02   1139.02   1017.82    444.23    456.79    164.68    113.66    113.66      0.00    113.66   1139.02    819.23    686.81    737.39    778.65    856.79    634.59    634.59    816.24    696.58    695.17    635.92    430.10    653.70    430.10    717.49    679.46    659.72    696.58    659.72    647.80    609.17    609.17    634.59    598.90    609.17    788.95    662.27    695.17    718.71    746.80    696.36    680.02    745.67    697.57    697.57    825.63
        74   2610.62   1261.48   1252.68   1252.68   1131.48    557.89    570.45     51.02      0.00      0.00    113.66      0.00   1252.68    932.89    800.47    851.05    892.31    970.45    748.25    748.25    929.90    810.24    808.83    749.58    543.76    767.36    543.76    831.15    793.12    773.38    810.24    773.38    761.46    722.83    722.83    748.25    712.56    722.83    902.61    775.93    808.83    832.37    860.46    810.02    793.68    859.33    811.23    811.23    939.29
       374   2763.15    188.74      0.00      0.00    121.20   1053.55   1066.11   1303.70   1252.68   1252.68   1139.02   1252.68      0.00   1133.93   1064.92   1019.81   1093.35   1410.72   1188.52   1188.52   1095.06   1250.51    973.99    767.66    708.92    785.44    708.92   1271.42   1233.39   1213.65   1250.51   1213.65   1201.73   1163.10   1163.10   1188.52   1152.83   1163.10   1103.65    941.09    973.99    997.53   1025.62    975.18    958.84   1060.37   1054.16   1054.16   1379.56
      1016   2118.39   1142.73   1133.93   1133.93   1012.73    375.00    362.44    983.91    932.89    932.89    819.23    932.89   1133.93      0.00    132.42    114.12     92.73    478.22    256.02    256.02    478.91    318.01    159.94    630.83    425.01    648.61    425.01    338.92    300.89    281.15    318.01    281.15    269.23    230.60    230.60    256.02    220.33    230.60     42.36    413.32    159.94    136.40    497.85    447.41    431.07     73.56    121.66    121.66    447.06
       908   1985.97   1073.72   1064.92   1064.92    943.72    242.58    230.02    851.49    800.47    800.47    686.81    800.47   1064.92    132.42      0.00     50.58     91.84    345.80    123.60    123.60    346.49    185.59     96.40    561.82    356.00    579.60    356.00    206.50    168.47    148.73    185.59    148.73    136.81     98.18     98.18    123.60     87.91     98.18    102.14    344.31     96.40     72.86    428.84    378.40    362.06     58.86     10.76     10.76    314.64
       911   2036.55   1028.61   1019.81   1019.81    898.61    293.16    280.60    902.07    851.05    851.05    737.39    851.05   1019.81    114.12     50.58      0.00     73.54    396.38    174.18    174.18    397.07    236.17     45.82    516.71    310.89    534.49    310.89    257.08    219.05    199.31    236.17    199.31    187.39    148.76    148.76    174.18    138.49    148.76     83.84    299.20     45.82     22.28    383.73    333.29    316.95     40.56     39.82     39.82    365.22
      1013   2077.81   1102.15   1093.35   1093.35    972.15    334.42    321.86    943.33    892.31    892.31    778.65    892.31   1093.35     92.73     91.84     73.54      0.00    437.64    215.44    215.44    438.33    277.43    119.36    590.25    384.43    608.03    384.43    298.34    260.31    240.57    277.43    240.57    228.65    190.02    190.02    215.44    179.75    190.02     76.26    372.74    119.36     95.82    457.27    406.83    390.49     32.98     81.08     81.08    406.48
      1008   1975.50   1419.52   1410.72   1410.72   1289.52    412.56    400.00   1021.47    970.45    970.45    856.79    970.45   1410.72    478.22    345.80    396.38    437.64      0.00    273.04    273.04    495.08    335.03    442.20    907.62    701.80    925.40    701.80    355.94    317.91    298.17    335.03    298.17    286.25    247.62    247.62    273.04    257.89    247.62    447.94    649.05    442.20    418.66    774.64    724.20    707.86    404.66    356.56    356.56     31.16
       947   1862.37   1197.32   1188.52   1188.52   1067.32    190.36    177.80    799.27    748.25    748.25    634.59    748.25   1188.52    256.02    123.60    174.18    215.44    273.04      0.00      0.00    222.89     61.99    220.00    685.42    479.60    703.20    479.60     82.90     44.87     25.13     61.99     25.13     13.21     25.42     25.42      0.00     35.69     25.42    225.74    376.86    220.00    196.46    552.44    502.00    485.66    182.46    134.36    134.36    241.88
       947   1862.37   1197.32   1188.52   1188.52   1067.32    190.36    177.80    799.27    748.25    748.25    634.59    748.25   1188.52    256.02    123.60    174.18    215.44    273.04      0.00      0.00    222.89     61.99    220.00    685.42    479.60    703.20    479.60     82.90     44.87     25.13     61.99     25.13     13.21     25.42     25.42      0.00     35.69     25.42    225.74    376.86    220.00    196.46    552.44    502.00    485.66    182.46    134.36    134.36    241.88
       925   1832.08   1103.86   1095.06   1095.06    973.86    413.25    400.69    980.92    929.90    929.90    816.24    929.90   1095.06    478.91    346.49    397.07    438.33    495.08    222.89    222.89      0.00    216.94    407.35    591.96    386.14    609.74    386.14    196.03    234.06    248.02    216.94    248.02    236.10    248.31    248.31    222.89    258.58    248.31    448.63    153.97    407.35    419.35    338.08    287.64    271.30    405.35    357.25    357.25    463.92
       937   1856.42   1259.31   1250.51   1250.51   1129.31    252.35    239.79    861.26    810.24    810.24    696.58    810.24   1250.51    318.01    185.59    236.17    277.43    335.03     61.99     61.99    216.94      0.00    281.99    747.41    541.59    765.19    541.59     20.91     17.12     36.86      0.00     36.86     48.78     87.41     87.41     61.99     97.68     87.41    287.73    370.91    281.99    258.45    555.02    504.58    488.24    244.45    196.35    196.35    303.87
       906   2082.37    982.79    973.99    973.99    852.79    338.98    326.42    859.85    808.83    808.83    695.17    808.83    973.99    159.94     96.40     45.82    119.36    442.20    220.00    220.00    407.35    281.99      0.00    470.89    265.07    488.67    265.07    302.90    264.87    245.13    281.99    245.13    233.21    194.58    194.58    220.00    184.31    194.58    129.66    253.38      0.00     23.54    337.91    287.47    271.13     86.38     85.64     85.64    411.04
       277   2424.04    776.46    767.66    767.66    646.46    550.45    563.01    800.60    749.58    749.58    635.92    749.58    767.66    630.83    561.82    516.71    590.25    907.62    685.42    685.42    591.96    747.41    470.89      0.00    205.82     17.78    205.82    768.32    730.29    710.55    747.41    710.55    698.63    660.00    660.00    685.42    649.73    660.00    600.55    437.99    470.89    494.43    522.52    472.08    455.74    557.27    551.06    551.06    876.46
       153   2218.22    717.72    708.92    708.92    587.72    344.63    357.19    594.78    543.76    543.76    430.10    543.76    708.92    425.01    356.00    310.89    384.43    701.80    479.60    479.60    386.14    541.59    265.07    205.82      0.00    223.60      0.00    562.50    524.47    504.73    541.59    504.73    492.81    454.18    454.18    479.60    443.91    454.18    394.73    232.17    265.07    288.61    316.70    266.26    249.92    351.45    345.24    345.24    670.64
       289   2441.82    794.24    785.44    785.44    664.24    568.23    580.79    818.38    767.36    767.36    653.70    767.36    785.44    648.61    579.60    534.49    608.03    925.40    703.20    703.20    609.74    765.19    488.67     17.78    223.60      0.00    223.60    786.10    748.07    728.33    765.19    728.33    716.41    677.78    677.78    703.20    667.51    677.78    618.33    455.77    488.67    512.21    540.30    489.86    473.52    575.05    568.84    568.84    894.24
       153   2218.22    717.72    708.92    708.92    587.72    344.63    357.19    594.78    543.76    543.76    430.10    543.76    708.92    425.01    356.00    310.89    384.43    701.80    479.60    479.60    386.14    541.59    265.07    205.82      0.00    223.60      0.00    562.50    524.47    504.73    541.59    504.73    492.81    454.18    454.18    479.60    443.91    454.18    394.73    232.17    265.07    288.61    316.70    266.26    249.92    351.45    345.24    345.24    670.64
       934   1835.51   1280.22   1271.42   1271.42   1150.22    273.26    260.70    882.17    831.15    831.15    717.49    831.15   1271.42    338.92    206.50    257.08    298.34    355.94     82.90     82.90    196.03     20.91    302.90    768.32    562.50    786.10    562.50      0.00     38.03     57.77     20.91     57.77     69.69    108.32    108.32     82.90    118.59    108.32    308.64    350.00    302.90    279.36    534.11    483.67    467.33    265.36    217.26    217.26    324.78
       940   1873.54   1242.19   1233.39   1233.39   1112.19    235.23    222.67    844.14    793.12    793.12    679.46    793.12   1233.39    300.89    168.47    219.05    260.31    317.91     44.87     44.87    234.06     17.12    264.87    730.29    524.47    748.07    524.47     38.03      0.00     19.74     17.12     19.74     31.66     70.29     70.29     44.87     80.56     70.29    270.61    388.03    264.87    241.33    572.14    521.70    505.36    227.33    179.23    179.23    286.75
       961   1887.50   1222.45   1213.65   1213.65   1092.45    215.49    202.93    824.40    773.38    773.38    659.72    773.38   1213.65    281.15    148.73    199.31    240.57    298.17     25.13     25.13    248.02     36.86    245.13    710.55    504.73    728.33    504.73     57.77     19.74      0.00     36.86      0.00     11.92     50.55     50.55     25.13     60.82     50.55    250.87    401.99    245.13    221.59    577.57    527.13    510.79    207.59    159.49    159.49    267.01
       937   1856.42   1259.31   1250.51   1250.51   1129.31    252.35    239.79    861.26    810.24    810.24    696.58    810.24   1250.51    318.01    185.59    236.17    277.43    335.03     61.99     61.99    216.94      0.00    281.99    747.41    541.59    765.19    541.59     20.91     17.12     36.86      0.00     36.86     48.78     87.41     87.41     61.99     97.68     87.41    287.73    370.91    281.99    258.45    555.02    504.58    488.24    244.45    196.35    196.35    303.87
       961   1887.50   1222.45   1213.65   1213.65   1092.45    215.49    202.93    824.40    773.38    773.38    659.72    773.38   1213.65    281.15    148.73    199.31    240.57    298.17     25.13     25.13    248.02     36.86    245.13    710.55    504.73    728.33    504.73     57.77     19.74      0.00     36.86      0.00     11.92     50.55     50.55     25.13     60.82     50.55    250.87    401.99    245.13    221.59    577.57    527.13    510.79    207.59    159.49    159.49    267.01
       945   1875.58   1210.53   1201.73   1201.73   1080.53    203.57    191.01    812.48    761.46    761.46    647.80    761.46   1201.73    269.23    136.81    187.39    228.65    286.25     13.21     13.21    236.10     48.78    233.21    698.63    492.81    716.41    492.81     69.69     31.66     11.92     48.78     11.92      0.00     38.63     38.63     13.21     48.90     38.63    238.95    390.07    233.21    209.67    565.65    515.21    498.87    195.67    147.57    147.57    255.09
       956   1887.79   1171.90   1163.10   1163.10   1041.90    164.94    152.38    773.85    722.83    722.83    609.17    722.83   1163.10    230.60     98.18    148.76    190.02    247.62     25.42     25.42    248.31     87.41    194.58    660.00    454.18    677.78    454.18    108.32     70.29     50.55     87.41     50.55     38.63      0.00      0.00     25.42     10.27      0.00    200.32    402.28    194.58    171.04    527.02    476.58    460.24    157.04    108.94    108.94    216.46
       956   1887.79   1171.90   1163.10   1163.10   1041.90    164.94    152.38    773.85    722.83    722.83    609.17    722.83   1163.10    230.60     98.18    148.76    190.02    247.62     25.42     25.42    248.31     87.41    194.58    660.00    454.18    677.78    454.18    108.32     70.29     50.55     87.41     50.55     38.63      0.00      0.00     25.42     10.27      0.00    200.32    402.28    194.58    171.04    527.02    476.58    460.24    157.04    108.94    108.94    216.46
       947   1862.37   1197.32   1188.52   1188.52   1067.32    190.36    177.80    799.27    748.25    748.25    634.59    748.25   1188.52    256.02    123.60    174.18    215.44    273.04      0.00      0.00    222.89     61.99    220.00    685.42    479.60    703.20    479.60     82.90     44.87     25.13     61.99     25.13     13.21     25.42     25.42      0.00     35.69     25.42    225.74    376.86    220.00    196.46    552.44    502.00    485.66    182.46    134.36    134.36    241.88
       612   1898.06   1161.63   1152.83   1152.83   1031.63    154.67    142.11    763.58    712.56    712.56    598.90    712.56   1152.83    220.33     87.91    138.49    179.75    257.89     35.69     35.69    258.58     97.68    184.31    649.73    443.91    667.51    443.91    118.59     80.56     60.82     97.68     60.82     48.90     10.27     10.27     35.69      0.00     10.27    190.05    412.55    184.31    160.77    516.75    466.31    449.97    146.77     98.67     98.67    226.73
       956   1887.79   1171.90   1163.10   1163.10   1041.90    164.94    152.38    773.85    722.83    722.83    609.17    722.83   1163.10    230.60     98.18    148.76    190.02    247.62     25.42     25.42    248.31     87.41    194.58    660.00    454.18    677.78    454.18    108.32     70.29     50.55     87.41     50.55     38.63      0.00      0.00     25.42     10.27      0.00    200.32    402.28    194.58    171.04    527.02    476.58    460.24    157.04    108.94    108.94    216.46
      1018   2088.11   1112.45   1103.65   1103.65    982.45    344.72    332.16    953.63    902.61    902.61    788.95    902.61   1103.65     42.36    102.14     83.84     76.26    447.94    225.74    225.74    448.63    287.73    129.66    600.55    394.73    618.33    394.73    308.64    270.61    250.87    287.73    250.87    238.95    200.32    200.32    225.74    190.05    200.32      0.00    383.04    129.66    106.12    467.57    417.13    400.79     43.28     91.38     91.38    416.78
       995   1986.05    949.89    941.09    941.09    819.89    567.22    554.66    826.95    775.93    775.93    662.27    775.93    941.09    413.32    344.31    299.20    372.74    649.05    376.86    376.86    153.97    370.91    253.38    437.99    232.17    455.77    232.17    350.00    388.03    401.99    370.91    401.99    390.07    402.28    402.28    376.86    412.55    402.28    383.04      0.00    253.38    276.92    184.11    133.67    117.33    339.76    333.55    333.55    617.89
       906   2082.37    982.79    973.99    973.99    852.79    338.98    326.42    859.85    808.83    808.83    695.17    808.83    973.99    159.94     96.40     45.82    119.36    442.20    220.00    220.00    407.35    281.99      0.00    470.89    265.07    488.67    265.07    302.90    264.87    245.13    281.99    245.13    233.21    194.58    194.58    220.00    184.31    194.58    129.66    253.38      0.00     23.54    337.91    287.47    271.13     86.38     85.64     85.64    411.04
       910   2058.83   1006.33    997.53    997.53    876.33    315.44    302.88    883.39    832.37    832.37    718.71    832.37    997.53    136.40     72.86     22.28     95.82    418.66    196.46    196.46    419.35    258.45     23.54    494.43    288.61    512.21    288.61    279.36    241.33    221.59    258.45    221.59    209.67    171.04    171.04    196.46    160.77    171.04    106.12    276.92     23.54      0.00    361.45    311.01    294.67     62.84     62.10     62.10    387.50
      1000   2170.16   1034.42   1025.62   1025.62    904.42    661.33    658.86    911.48    860.46    860.46    746.80    860.46   1025.62    497.85    428.84    383.73    457.27    774.64    552.44    552.44    338.08    555.02    337.91    522.52    316.70    540.30    316.70    534.11    572.14    577.57    555.02    577.57    565.65    527.02    527.02    552.44    516.75    527.02    467.57    184.11    337.91    361.45      0.00     50.44     66.78    424.29    418.08    418.08    743.48
      1002   2119.72    983.98    975.18    975.18    853.98    610.89    608.42    861.04    810.02    810.02    696.36    810.02    975.18    447.41    378.40    333.29    406.83    724.20    502.00    502.00    287.64    504.58    287.47    472.08    266.26    489.86    266.26    483.67    521.70    527.13    504.58    527.13    515.21    476.58    476.58    502.00    466.31    476.58    417.13    133.67    287.47    311.01     50.44      0.00     16.34    373.85    367.64    367.64    693.04
      1003   2103.38    967.64    958.84    958.84    837.64    594.55    592.08    844.70    793.68    793.68    680.02    793.68    958.84    431.07    362.06    316.95    390.49    707.86    485.66    485.66    271.30    488.24    271.13    455.74    249.92    473.52    249.92    467.33    505.36    510.79    488.24    510.79    498.87    460.24    460.24    485.66    449.97    460.24    400.79    117.33    271.13    294.67     66.78     16.34      0.00    357.51    351.30    351.30    676.70
      1012   2044.83   1069.17   1060.37   1060.37    939.17    301.44    288.88    910.35    859.33    859.33    745.67    859.33   1060.37     73.56     58.86     40.56     32.98    404.66    182.46    182.46    405.35    244.45     86.38    557.27    351.45    575.05    351.45    265.36    227.33    207.59    244.45    207.59    195.67    157.04    157.04    182.46    146.77    157.04     43.28    339.76     86.38     62.84    424.29    373.85    357.51      0.00     48.10     48.10    373.50
       982   1996.73   1062.96   1054.16   1054.16    932.96    253.34    240.78    862.25    811.23    811.23    697.57    811.23   1054.16    121.66     10.76     39.82     81.08    356.56    134.36    134.36    357.25    196.35     85.64    551.06    345.24    568.84    345.24    217.26    179.23    159.49    196.35    159.49    147.57    108.94    108.94    134.36     98.67    108.94     91.38    333.55     85.64     62.10    418.08    367.64    351.30     48.10      0.00      0.00    325.40
       982   1996.73   1062.96   1054.16   1054.16    932.96    253.34    240.78    862.25    811.23    811.23    697.57    811.23   1054.16    121.66     10.76     39.82     81.08    356.56    134.36    134.36    357.25    196.35     85.64    551.06    345.24    568.84    345.24    217.26    179.23    159.49    196.35    159.49    147.57    108.94    108.94    134.36     98.67    108.94     91.38    333.55     85.64     62.10    418.08    367.64    351.30     48.10      0.00      0.00    325.40
      1007   1944.34   1388.36   1379.56   1379.56   1258.36    381.40    368.84    990.31    939.29    939.29    825.63    939.29   1379.56    447.06    314.64    365.22    406.48     31.16    241.88    241.88    463.92    303.87    411.04    876.46    670.64    894.24    670.64    324.78    286.75    267.01    303.87    267.01    255.09    216.46    216.46    241.88    226.73    216.46    416.78    617.89    411.04    387.50    743.48    693.04    676.70    373.50    325.40    325.40      0.00

===== TSP结果 =====
访问顺序：0 -> 20 -> 39 -> 44 -> 43 -> 42 -> 22 -> 40 -> 41 -> 15 -> 45 -> 16 -> 13 -> 38 -> 47 -> 46 -> 14 -> 36 -> 33 -> 34 -> 37 -> 17 -> 48 -> 28 -> 21 -> 30 -> 27 -> 31 -> 29 -> 32 -> 35 -> 19 -> 18 -> 6 -> 5 -> 7 -> 11 -> 9 -> 8 -> 10 -> 24 -> 26 -> 23 -> 25 -> 4 -> 2 -> 3 -> 12 -> 1
总距离：6241.13
sum: 1438, edgenum: 3204
地图加载成功
节点数：1438

生成 500 个订单：

===== R树插入完成 =====
已经插入 500 个订单

===== R树查询 =====
查询区域: (122.060000, 37.530000) ~ (122.070000, 37.535000)
找到 47 个订单
Order: id=193, pointid=154
Order: id=173, pointid=420
Order: id=233, pointid=376
Order: id=48, pointid=1000
Order: id=170, pointid=999
Order: id=180, pointid=263
Order: id=115, pointid=996
Order: id=74, pointid=928
Order: id=75, pointid=934
Order: id=121, pointid=929
Order: id=208, pointid=118
Order: id=240, pointid=118
Order: id=343, pointid=942
Order: id=397, pointid=118
Order: id=288, pointid=999
Order: id=9, pointid=605
Order: id=379, pointid=1016
Order: id=283, pointid=263
Order: id=303, pointid=1017
Order: id=392, pointid=263
Order: id=176, pointid=1007
Order: id=107, pointid=1010
Order: id=261, pointid=605
Order: id=14, pointid=913
Order: id=128, pointid=1008
Order: id=348, pointid=957
Order: id=276, pointid=785
Order: id=248, pointid=74
Order: id=23, pointid=279
Order: id=5, pointid=299
Order: id=84, pointid=151
Order: id=325, pointid=302
Order: id=275, pointid=404
Order: id=313, pointid=922
Order: id=376, pointid=392
Order: id=394, pointid=906
Order: id=494, pointid=910
Order: id=139, pointid=96
Order: id=340, pointid=1403
Order: id=476, pointid=96
Order: id=466, pointid=1014
Order: id=216, pointid=911
Order: id=351, pointid=912
Order: id=227, pointid=950
Order: id=310, pointid=961
Order: id=265, pointid=950
Order: id=497, pointid=153

===== 距离矩阵 =====
                BASE       154       420       376      1000       999       263       996       928       934       929       118       118       942       118       999       605      1016       263      1017       263      1007      1010       605       913      1008       957       785        74       279       299       151       302       404       922       392       906       910        96      1403        96      1014       911       912       950       961       950       153
      BASE      0.00   2540.10   2791.22   2706.32   2170.16   2137.64   1879.35   1942.19   1789.33   1835.51   1803.03   2056.88   2056.88   1882.95   2056.88   2137.64   2040.17   2118.39   1879.35   2114.13   1879.35   1944.34   1977.28   2040.17   2064.57   1975.50   1886.56   2661.64   2610.62   2427.27   2359.63   2291.76   2388.75   2778.92   2372.92   2771.95   2082.37   2058.83   2338.00   2242.72   2338.00   2083.33   2036.55   2020.41   1861.36   1887.50   1861.36   2218.22
       154   2540.10      0.00    401.68    316.78    802.57    770.05    824.74    761.90   1021.86   1048.37   1035.56    913.51    913.51   1000.93    913.51    770.05    843.06    910.88    824.74    906.62    824.74   1156.51   1189.45    843.06    857.06   1187.67    950.40   1080.65   1029.63    547.84    480.20    412.33    509.32    389.38    331.17    382.41    750.94    774.48    757.01    661.73    757.01    875.82    796.76    812.90    975.60    990.60    975.60    485.87
       420   2791.22    401.68      0.00     84.90   1053.69   1021.17   1075.86   1013.02   1272.98   1299.49   1286.68   1164.63   1164.63   1252.05   1164.63   1021.17   1094.18   1162.00   1075.86   1157.74   1075.86   1407.63   1440.57   1094.18   1108.18   1438.79   1201.52   1331.77   1280.75    798.96    731.32    663.45    760.44    286.24    582.29    216.81   1002.06   1025.60   1008.13    912.85   1008.13   1126.94   1047.88   1064.02   1226.72   1241.72   1226.72    736.99
       376   2706.32    316.78     84.90      0.00    968.79    936.27    990.96    928.12   1188.08   1214.59   1201.78   1079.73   1079.73   1167.15   1079.73    936.27   1009.28   1077.10    990.96   1072.84    990.96   1322.73   1355.67   1009.28   1023.28   1353.89   1116.62   1246.87   1195.85    714.06    646.42    578.55    675.54    201.34    497.39    131.91    917.16    940.70    923.23    827.95    923.23   1042.04    962.98    979.12   1141.82   1156.82   1141.82    652.09
      1000   2170.16    802.57   1053.69    968.79      0.00     47.99    290.81    227.97    487.93    534.11    501.63    688.09    688.09    581.55    688.09     47.99    658.86    497.85    290.81    493.59    290.81    743.48    776.42    658.86    444.03    774.64    537.37    911.48    860.46    525.75    458.11    390.24    487.23   1041.39    471.40   1034.42    337.91    361.45    587.84    492.56    587.84    462.79    383.73    399.87    562.57    577.57    562.57    316.70
       999   2137.64    770.05   1021.17    936.27     47.99      0.00    258.29    195.45    455.41    501.59    469.11    655.57    655.57    549.03    655.57      0.00    626.34    465.33    258.29    461.07    258.29    710.96    743.90    626.34    411.51    742.12    504.85    878.96    827.94    493.23    425.59    357.72    454.71   1008.87    438.88   1001.90    305.39    328.93    555.32    460.04    555.32    430.27    351.21    367.35    530.05    545.05    530.05    284.18
       263   1879.35    824.74   1075.86    990.96    290.81    258.29      0.00     62.84    197.12    243.30    210.82    475.40    475.40    290.74    475.40    258.29    447.96    520.02      0.00    515.76      0.00    511.19    544.13    447.96    466.20    542.35    305.08    933.65    882.63    547.92    480.28    412.41    509.40   1063.56    493.57   1056.59    360.08    383.62    610.01    514.73    610.01    484.96    405.90    422.04    279.88    295.29    279.88    338.87
       996   1942.19    761.90   1013.02    928.12    227.97    195.45     62.84      0.00    259.96    306.14    273.66    538.24    538.24    353.58    538.24    195.45    510.80    457.18     62.84    452.92     62.84    574.03    606.97    510.80    403.36    605.19    367.92    870.81    819.79    485.08    417.44    349.57    446.56   1000.72    430.73    993.75    297.24    320.78    547.17    451.89    547.17    422.12    343.06    359.20    342.72    358.13    342.72    276.03
       928   1789.33   1021.86   1272.98   1188.08    487.93    455.41    197.12    259.96      0.00     46.18     13.70    291.81    291.81     93.62    291.81    455.41    263.52    341.74    197.12    337.48    197.12    327.60    360.54    263.52    287.92    358.76    121.49    884.99    833.97    745.04    677.40    609.53    706.52   1260.68    690.69   1253.71    305.72    282.18    561.35    466.07    561.35    306.68    259.90    243.76     96.41    103.95     96.41    535.99
       934   1835.51   1048.37   1299.49   1214.59    534.11    501.59    243.30    306.14     46.18      0.00     32.48    288.99    288.99     47.44    288.99    501.59    260.70    338.92    243.30    334.66    243.30    324.78    357.72    260.70    285.10    355.94    118.67    882.17    831.15    771.55    703.91    636.04    733.03   1287.19    717.20   1280.22    302.90    279.36    558.53    463.25    558.53    303.86    257.08    240.94     93.59     57.77     93.59    562.50
       929   1803.03   1035.56   1286.68   1201.78    501.63    469.11    210.82    273.66     13.70     32.48      0.00    305.51    305.51     79.92    305.51    469.11    277.22    355.44    210.82    351.18    210.82    341.30    374.24    277.22    301.62    372.46    135.19    898.69    847.67    758.74    691.10    623.23    720.22   1274.38    704.39   1267.41    319.42    295.88    575.05    479.77    575.05    320.38    273.60    257.46    110.11     90.25    110.11    549.69
       118   2056.88    913.51   1164.63   1079.73    688.09    655.57    475.40    538.24    291.81    288.99    305.51      0.00      0.00    241.55      0.00    655.57    113.17    391.67    475.40    387.41    475.40    376.43    409.37    113.17    337.85    407.59    170.32    691.92    640.90    636.69    569.05    501.18    598.17   1152.33    582.34   1145.36    355.65    332.11    368.28    273.00    368.28    356.61    309.83    293.69    195.52    231.22    195.52    427.64
       118   2056.88    913.51   1164.63   1079.73    688.09    655.57    475.40    538.24    291.81    288.99    305.51      0.00      0.00    241.55      0.00    655.57    113.17    391.67    475.40    387.41    475.40    376.43    409.37    113.17    337.85    407.59    170.32    691.92    640.90    636.69    569.05    501.18    598.17   1152.33    582.34   1145.36    355.65    332.11    368.28    273.00    368.28    356.61    309.83    293.69    195.52    231.22    195.52    427.64
       942   1882.95   1000.93   1252.05   1167.15    581.55    549.03    290.74    353.58     93.62     47.44     79.92    241.55    241.55      0.00    241.55    549.03    213.26    291.48    290.74    287.22    290.74    277.34    310.28    213.26    237.66    308.50     71.23    834.73    783.71    724.11    656.47    588.60    685.59   1239.75    669.76   1232.78    255.46    231.92    511.09    415.81    511.09    256.42    209.64    193.50     46.15     10.33     46.15    515.06
       118   2056.88    913.51   1164.63   1079.73    688.09    655.57    475.40    538.24    291.81    288.99    305.51      0.00      0.00    241.55      0.00    655.57    113.17    391.67    475.40    387.41    475.40    376.43    409.37    113.17    337.85    407.59    170.32    691.92    640.90    636.69    569.05    501.18    598.17   1152.33    582.34   1145.36    355.65    332.11    368.28    273.00    368.28    356.61    309.83    293.69    195.52    231.22    195.52    427.64
       999   2137.64    770.05   1021.17    936.27     47.99      0.00    258.29    195.45    455.41    501.59    469.11    655.57    655.57    549.03    655.57      0.00    626.34    465.33    258.29    461.07    258.29    710.96    743.90    626.34    411.51    742.12    504.85    878.96    827.94    493.23    425.59    357.72    454.71   1008.87    438.88   1001.90    305.39    328.93    555.32    460.04    555.32    430.27    351.21    367.35    530.05    545.05    530.05    284.18
       605   2040.17    843.06   1094.18   1009.28    658.86    626.34    447.96    510.80    263.52    260.70    277.22    113.17    113.17    213.26    113.17    626.34      0.00    362.44    447.96    358.18    447.96    368.84    401.78      0.00    308.62    400.00    162.73    621.47    570.45    566.24    498.60    430.73    527.72   1081.88    511.89   1074.91    326.42    302.88    297.83    202.55    297.83    327.38    280.60    264.46    187.93    202.93    187.93    357.19
      1016   2118.39    910.88   1162.00   1077.10    497.85    465.33    520.02    457.18    341.74    338.92    355.44    391.67    391.67    291.48    391.67    465.33    362.44      0.00    520.02     16.34    520.02    447.06    480.00    362.44     53.82    478.22    240.95    983.91    932.89    634.06    566.42    498.55    595.54   1149.70    579.71   1142.73    159.94    136.40    660.27    564.99    660.27     72.58    114.12     97.98    266.15    281.15    266.15    425.01
       263   1879.35    824.74   1075.86    990.96    290.81    258.29      0.00     62.84    197.12    243.30    210.82    475.40    475.40    290.74    475.40    258.29    447.96    520.02      0.00    515.76      0.00    511.19    544.13    447.96    466.20    542.35    305.08    933.65    882.63    547.92    480.28    412.41    509.40   1063.56    493.57   1056.59    360.08    383.62    610.01    514.73    610.01    484.96    405.90    422.04    279.88    295.29    279.88    338.87
      1017   2114.13    906.62   1157.74   1072.84    493.59    461.07    515.76    452.92    337.48    334.66    351.18    387.41    387.41    287.22    387.41    461.07    358.18     16.34    515.76      0.00    515.76    442.80    475.74    358.18     70.16    473.96    236.69    979.65    928.63    629.80    562.16    494.29    591.28   1145.44    575.45   1138.47    155.68    132.14    656.01    560.73    656.01     88.92    109.86     93.72    261.89    276.89    261.89    420.75
       263   1879.35    824.74   1075.86    990.96    290.81    258.29      0.00     62.84    197.12    243.30    210.82    475.40    475.40    290.74    475.40    258.29    447.96    520.02      0.00    515.76      0.00    511.19    544.13    447.96    466.20    542.35    305.08    933.65    882.63    547.92    480.28    412.41    509.40   1063.56    493.57   1056.59    360.08    383.62    610.01    514.73    610.01    484.96    405.90    422.04    279.88    295.29    279.88    338.87
      1007   1944.34   1156.51   1407.63   1322.73    743.48    710.96    511.19    574.03    327.60    324.78    341.30    376.43    376.43    277.34    376.43    710.96    368.84    447.06    511.19    442.80    511.19      0.00     77.91    368.84    393.24     31.16    206.11    990.31    939.29    879.69    812.05    744.18    841.17   1395.33    825.34   1388.36    411.04    387.50    666.67    571.39    666.67    412.00    365.22    349.08    231.31    267.01    231.31    670.64
      1010   1977.28   1189.45   1440.57   1355.67    776.42    743.90    544.13    606.97    360.54    357.72    374.24    409.37    409.37    310.28    409.37    743.90    401.78    480.00    544.13    475.74    544.13     77.91      0.00    401.78    426.18     46.75    239.05   1023.25    972.23    912.63    844.99    777.12    874.11   1428.27    858.28   1421.30    443.98    420.44    699.61    604.33    699.61    444.94    398.16    382.02    264.25    299.95    264.25    703.58
       605   2040.17    843.06   1094.18   1009.28    658.86    626.34    447.96    510.80    263.52    260.70    277.22    113.17    113.17    213.26    113.17    626.34      0.00    362.44    447.96    358.18    447.96    368.84    401.78      0.00    308.62    400.00    162.73    621.47    570.45    566.24    498.60    430.73    527.72   1081.88    511.89   1074.91    326.42    302.88    297.83    202.55    297.83    327.38    280.60    264.46    187.93    202.93    187.93    357.19
       913   2064.57    857.06   1108.18   1023.28    444.03    411.51    466.20    403.36    287.92    285.10    301.62    337.85    337.85    237.66    337.85    411.51    308.62     53.82    466.20     70.16    466.20    393.24    426.18    308.62      0.00    424.40    187.13    930.09    879.07    580.24    512.60    444.73    541.72   1095.88    525.89   1088.91    106.12     82.58    606.45    511.17    606.45     18.76     60.30     44.16    212.33    227.33    212.33    371.19
      1008   1975.50   1187.67   1438.79   1353.89    774.64    742.12    542.35    605.19    358.76    355.94    372.46    407.59    407.59    308.50    407.59    742.12    400.00    478.22    542.35    473.96    542.35     31.16     46.75    400.00    424.40      0.00    237.27   1021.47    970.45    910.85    843.21    775.34    872.33   1426.49    856.50   1419.52    442.20    418.66    697.83    602.55    697.83    443.16    396.38    380.24    262.47    298.17    262.47    701.80
       957   1886.56    950.40   1201.52   1116.62    537.37    504.85    305.08    367.92    121.49    118.67    135.19    170.32    170.32     71.23    170.32    504.85    162.73    240.95    305.08    236.69    305.08    206.11    239.05    162.73    187.13    237.27      0.00    784.20    733.18    673.58    605.94    538.07    635.06   1189.22    619.23   1182.25    204.93    181.39    460.56    365.28    460.56    205.89    159.11    142.97     25.20     60.90     25.20    464.53
       785   2661.64   1080.65   1331.77   1246.87    911.48    878.96    933.65    870.81    884.99    882.17    898.69    691.92    691.92    834.73    691.92    878.96    621.47    983.91    933.65    979.65    933.65    990.31   1023.25    621.47    930.09   1021.47    784.20      0.00     51.02    803.83    736.19    668.32    765.31   1319.47    749.48   1312.50    859.85    883.39    323.64    418.92    323.64    948.85    902.07    885.93    809.40    824.40    809.40    594.78
        74   2610.62   1029.63   1280.75   1195.85    860.46    827.94    882.63    819.79    833.97    831.15    847.67    640.90    640.90    783.71    640.90    827.94    570.45    932.89    882.63    928.63    882.63    939.29    972.23    570.45    879.07    970.45    733.18     51.02      0.00    752.81    685.17    617.30    714.29   1268.45    698.46   1261.48    808.83    832.37    272.62    367.90    272.62    897.83    851.05    834.91    758.38    773.38    758.38    543.76
       279   2427.27    547.84    798.96    714.06    525.75    493.23    547.92    485.08    745.04    771.55    758.74    636.69    636.69    724.11    636.69    493.23    566.24    634.06    547.92    629.80    547.92    879.69    912.63    566.24    580.24    910.85    673.58    803.83    752.81      0.00     67.64    135.51     38.52    786.66    216.67    779.69    474.12    497.66    480.19    384.91    480.19    599.00    519.94    536.08    698.78    713.78    698.78    209.05
       299   2359.63    480.20    731.32    646.42    458.11    425.59    480.28    417.44    677.40    703.91    691.10    569.05    569.05    656.47    569.05    425.59    498.60    566.42    480.28    562.16    480.28    812.05    844.99    498.60    512.60    843.21    605.94    736.19    685.17     67.64      0.00     67.87     29.12    719.02    149.03    712.05    406.48    430.02    412.55    317.27    412.55    531.36    452.30    468.44    631.14    646.14    631.14    141.41
       151   2291.76    412.33    663.45    578.55    390.24    357.72    412.41    349.57    609.53    636.04    623.23    501.18    501.18    588.60    501.18    357.72    430.73    498.55    412.41    494.29    412.41    744.18    777.12    430.73    444.73    775.34    538.07    668.32    617.30    135.51     67.87      0.00     96.99    651.15     81.16    644.18    338.61    362.15    344.68    249.40    344.68    463.49    384.43    400.57    563.27    578.27    563.27     73.54
       302   2388.75    509.32    760.44    675.54    487.23    454.71    509.40    446.56    706.52    733.03    720.22    598.17    598.17    685.59    598.17    454.71    527.72    595.54    509.40    591.28    509.40    841.17    874.11    527.72    541.72    872.33    635.06    765.31    714.29     38.52     29.12     96.99      0.00    748.14    178.15    741.17    435.60    459.14    441.67    346.39    441.67    560.48    481.42    497.56    660.26    675.26    660.26    170.53
       404   2778.92    389.38    286.24    201.34   1041.39   1008.87   1063.56   1000.72   1260.68   1287.19   1274.38   1152.33   1152.33   1239.75   1152.33   1008.87   1081.88   1149.70   1063.56   1145.44   1063.56   1395.33   1428.27   1081.88   1095.88   1426.49   1189.22   1319.47   1268.45    786.66    719.02    651.15    748.14      0.00    569.99    266.97    989.76   1013.30    995.83    900.55    995.83   1114.64   1035.58   1051.72   1214.42   1229.42   1214.42    724.69
       922   2372.92    331.17    582.29    497.39    471.40    438.88    493.57    430.73    690.69    717.20    704.39    582.34    582.34    669.76    582.34    438.88    511.89    579.71    493.57    575.45    493.57    825.34    858.28    511.89    525.89    856.50    619.23    749.48    698.46    216.67    149.03     81.16    178.15    569.99      0.00    563.02    419.77    443.31    425.84    330.56    425.84    544.65    465.59    481.73    644.43    659.43    644.43    154.70
       392   2771.95    382.41    216.81    131.91   1034.42   1001.90   1056.59    993.75   1253.71   1280.22   1267.41   1145.36   1145.36   1232.78   1145.36   1001.90   1074.91   1142.73   1056.59   1138.47   1056.59   1388.36   1421.30   1074.91   1088.91   1419.52   1182.25   1312.50   1261.48    779.69    712.05    644.18    741.17    266.97    563.02      0.00    982.79   1006.33    988.86    893.58    988.86   1107.67   1028.61   1044.75   1207.45   1222.45   1207.45    717.72
       906   2082.37    750.94   1002.06    917.16    337.91    305.39    360.08    297.24    305.72    302.90    319.42    355.65    355.65    255.46    355.65    305.39    326.42    159.94    360.08    155.68    360.08    411.04    443.98    326.42    106.12    442.20    204.93    859.85    808.83    474.12    406.48    338.61    435.60    989.76    419.77    982.79      0.00     23.54    536.21    440.93    536.21    124.88     45.82     61.96    230.13    245.13    230.13    265.07
       910   2058.83    774.48   1025.60    940.70    361.45    328.93    383.62    320.78    282.18    279.36    295.88    332.11    332.11    231.92    332.11    328.93    302.88    136.40    383.62    132.14    383.62    387.50    420.44    302.88     82.58    418.66    181.39    883.39    832.37    497.66    430.02    362.15    459.14   1013.30    443.31   1006.33     23.54      0.00    559.75    464.47    559.75    101.34     22.28     38.42    206.59    221.59    206.59    288.61
        96   2338.00    757.01   1008.13    923.23    587.84    555.32    610.01    547.17    561.35    558.53    575.05    368.28    368.28    511.09    368.28    555.32    297.83    660.27    610.01    656.01    610.01    666.67    699.61    297.83    606.45    697.83    460.56    323.64    272.62    480.19    412.55    344.68    441.67    995.83    425.84    988.86    536.21    559.75      0.00     95.28      0.00    625.21    578.43    562.29    485.76    500.76    485.76    271.14
      1403   2242.72    661.73    912.85    827.95    492.56    460.04    514.73    451.89    466.07    463.25    479.77    273.00    273.00    415.81    273.00    460.04    202.55    564.99    514.73    560.73    514.73    571.39    604.33    202.55    511.17    602.55    365.28    418.92    367.90    384.91    317.27    249.40    346.39    900.55    330.56    893.58    440.93    464.47     95.28      0.00     95.28    529.93    483.15    467.01    390.48    405.48    390.48    175.86
        96   2338.00    757.01   1008.13    923.23    587.84    555.32    610.01    547.17    561.35    558.53    575.05    368.28    368.28    511.09    368.28    555.32    297.83    660.27    610.01    656.01    610.01    666.67    699.61    297.83    606.45    697.83    460.56    323.64    272.62    480.19    412.55    344.68    441.67    995.83    425.84    988.86    536.21    559.75      0.00     95.28      0.00    625.21    578.43    562.29    485.76    500.76    485.76    271.14
      1014   2083.33    875.82   1126.94   1042.04    462.79    430.27    484.96    422.12    306.68    303.86    320.38    356.61    356.61    256.42    356.61    430.27    327.38     72.58    484.96     88.92    484.96    412.00    444.94    327.38     18.76    443.16    205.89    948.85    897.83    599.00    531.36    463.49    560.48   1114.64    544.65   1107.67    124.88    101.34    625.21    529.93    625.21      0.00     79.06     62.92    231.09    246.09    231.09    389.95
       911   2036.55    796.76   1047.88    962.98    383.73    351.21    405.90    343.06    259.90    257.08    273.60    309.83    309.83    209.64    309.83    351.21    280.60    114.12    405.90    109.86    405.90    365.22    398.16    280.60     60.30    396.38    159.11    902.07    851.05    519.94    452.30    384.43    481.42   1035.58    465.59   1028.61     45.82     22.28    578.43    483.15    578.43     79.06      0.00     16.14    184.31    199.31    184.31    310.89
       912   2020.41    812.90   1064.02    979.12    399.87    367.35    422.04    359.20    243.76    240.94    257.46    293.69    293.69    193.50    293.69    367.35    264.46     97.98    422.04     93.72    422.04    349.08    382.02    264.46     44.16    380.24    142.97    885.93    834.91    536.08    468.44    400.57    497.56   1051.72    481.73   1044.75     61.96     38.42    562.29    467.01    562.29     62.92     16.14      0.00    168.17    183.17    168.17    327.03
       950   1861.36    975.60   1226.72   1141.82    562.57    530.05    279.88    342.72     96.41     93.59    110.11    195.52    195.52     46.15    195.52    530.05    187.93    266.15    279.88    261.89    279.88    231.31    264.25    187.93    212.33    262.47     25.20    809.40    758.38    698.78    631.14    563.27    660.26   1214.42    644.43   1207.45    230.13    206.59    485.76    390.48    485.76    231.09    184.31    168.17      0.00     35.82      0.00    489.73
       961   1887.50    990.60   1241.72   1156.82    577.57    545.05    295.29    358.13    103.95     57.77     90.25    231.22    231.22     10.33    231.22    545.05    202.93    281.15    295.29    276.89    295.29    267.01    299.95    202.93    227.33    298.17     60.90    824.40    773.38    713.78    646.14    578.27    675.26   1229.42    659.43   1222.45    245.13    221.59    500.76    405.48    500.76    246.09    199.31    183.17     35.82      0.00     35.82    504.73
       950   1861.36    975.60   1226.72   1141.82    562.57    530.05    279.88    342.72     96.41     93.59    110.11    195.52    195.52     46.15    195.52    530.05    187.93    266.15    279.88    261.89    279.88    231.31    264.25    187.93    212.33    262.47     25.20    809.40    758.38    698.78    631.14    563.27    660.26   1214.42    644.43   1207.45    230.13    206.59    485.76    390.48    485.76    231.09    184.31    168.17      0.00     35.82      0.00    489.73
       153   2218.22    485.87    736.99    652.09    316.70    284.18    338.87    276.03    535.99    562.50    549.69    427.64    427.64    515.06    427.64    284.18    357.19    425.01    338.87    420.75    338.87    670.64    703.58    357.19    371.19    701.80    464.53    594.78    543.76    209.05    141.41     73.54    170.53    724.69    154.70    717.72    265.07    288.61    271.14    175.86    271.14    389.95    310.89    327.03    489.73    504.73    489.73      0.00

===== TSP结果 =====
访问顺序：0 -> 8 -> 10 -> 9 -> 13 -> 45 -> 44 -> 46 -> 26 -> 22 -> 25 -> 21 -> 19 -> 17 -> 41 -> 24 -> 43 -> 42 -> 37 -> 36 -> 4 -> 15 -> 5 -> 7 -> 6 -> 18 -> 20 -> 47 -> 31 -> 32 -> 29 -> 30 -> 34 -> 1 -> 3 -> 2 -> 35 -> 33 -> 14 -> 12 -> 11 -> 23 -> 16 -> 39 -> 38 -> 40 -> 28 -> 27
总距离：7440.24
sum: 1438, edgenum: 3204
地图加载成功
节点数：1438

生成 500 个订单：

===== R树插入完成 =====
已经插入 500 个订单

===== R树查询 =====
查询区域: (122.060000, 37.530000) ~ (122.070000, 37.535000)
找到 39 个订单
Order: id=17, pointid=1403
Order: id=76, pointid=102
Order: id=86, pointid=1402
Order: id=99, pointid=979
Order: id=155, pointid=1003
Order: id=188, pointid=1002
Order: id=122, pointid=909
Order: id=75, pointid=945
Order: id=219, pointid=420
Order: id=201, pointid=392
Order: id=1, pointid=1005
Order: id=178, pointid=151
Order: id=189, pointid=404
Order: id=450, pointid=404
Order: id=61, pointid=371
Order: id=62, pointid=391
Order: id=484, pointid=414
Order: id=490, pointid=420
Order: id=78, pointid=391
Order: id=311, pointid=996
Order: id=322, pointid=995
Order: id=12, pointid=1003
Order: id=389, pointid=905
Order: id=128, pointid=1004
Order: id=210, pointid=1004
Order: id=374, pointid=148
Order: id=163, pointid=1011
Order: id=382, pointid=1010
Order: id=467, pointid=1013
Order: id=494, pointid=1015
Order: id=223, pointid=913
Order: id=272, pointid=62
Order: id=388, pointid=997
Order: id=221, pointid=999
Order: id=263, pointid=606
Order: id=453, pointid=936
Order: id=264, pointid=910
Order: id=34, pointid=1014
Order: id=449, pointid=1401

===== 距离矩阵 =====
                BASE      1403       102      1402       979      1003      1002       909       945       420       392      1005       151       404       404       371       391       414       420       391       996       995      1003       905      1004      1004       148      1011      1010      1013      1015       913        62       997       999       606       936       910      1014      1401
      BASE      0.00   2242.72   2496.96   2259.13   2061.81   2103.38   2119.72   1927.34   1875.58   2791.22   2771.95       INF   2291.76   2778.92   2778.92   2743.32   2789.44   2641.95   2791.22   2789.44   1942.19   1986.05   2103.38   2104.62       INF       INF   2296.45   1942.10   1977.28   2077.81   2088.53   2064.57   2073.79   2057.09   2137.64   2024.64   1845.68   2058.83   2083.33   2247.68
      1403   2242.72      0.00    254.24     16.41    456.02    425.78    442.12    373.94    393.56    912.85    893.58       INF    249.40    900.55    900.55    864.95    911.07    763.58    912.85    911.07    451.89    408.03    425.78    413.21       INF       INF     97.63    569.15    604.33    524.41    535.13    511.17    168.93    379.49    460.04    218.08    453.08    464.47    529.93     26.18
       102   2496.96    254.24      0.00    237.83    710.26    680.02    696.36    628.18    647.80   1167.09   1147.82       INF    503.64   1154.79   1154.79   1119.19   1165.31   1017.82   1167.09   1165.31    706.13    662.27    680.02    667.45       INF       INF    351.87    823.39    858.57    778.65    789.37    765.41    423.17    633.73    714.28    472.32    707.32    718.71    784.17    280.42
      1402   2259.13     16.41    237.83      0.00    472.43    442.19    458.53    390.35    409.97    929.26    909.99       INF    265.81    916.96    916.96    881.36    927.48    779.99    929.26    927.48    468.30    424.44    442.19    429.62       INF       INF    114.04    585.56    620.74    540.82    551.54    527.58    185.34    395.90    476.45    234.49    469.49    480.88    546.34     42.59
       979   2061.81    456.02    710.26    472.43      0.00    286.22    302.56    134.47    212.65   1017.15    997.88       INF    353.70   1004.85   1004.85    969.25   1015.37    867.88   1017.15   1015.37    312.33    268.47    286.22     42.81       INF       INF    358.39    388.24    423.42    146.16    156.88    132.92    339.48    239.93    320.48    290.33    272.17     56.65    151.68    429.84
      1003   2103.38    425.78    680.02    442.19    286.22      0.00     16.34    420.69    498.87    986.91    967.64       INF    323.46    974.61    974.61    939.01    985.13    837.64    986.91    985.13    161.19    117.33      0.00    243.41       INF       INF    328.15    674.46    709.64    390.49    401.21    377.25    573.49     46.29    114.77    576.55    477.50    294.67    396.01    399.60
      1002   2119.72    442.12    696.36    458.53    302.56     16.34      0.00    437.03    515.21   1003.25    983.98       INF    339.80    990.95    990.95    955.35   1001.47    853.98   1003.25   1001.47    177.53    133.67     16.34    259.75       INF       INF    344.49    690.80    725.98    406.83    417.55    393.59    589.83     62.63     98.43    592.89    493.84    311.01    412.35    415.94
       909   1927.34    373.94    628.18    390.35    134.47    420.69    437.03      0.00     78.18   1151.62   1132.35       INF    488.17   1139.32   1139.32   1103.72   1149.84   1002.35   1151.62   1149.84    397.97    402.94    420.69    177.28       INF       INF    450.35    253.77    288.95    150.47    161.19    137.23    205.01    374.40    454.95    155.86    137.70    131.49    155.99    378.90
       945   1875.58    393.56    647.80    409.97    212.65    498.87    515.21     78.18      0.00   1229.80   1210.53       INF    566.35   1217.50   1217.50   1181.90   1228.02   1080.53   1229.80   1228.02    346.21    390.07    498.87    255.46       INF       INF    469.97    252.85    288.03    228.65    239.37    215.41    224.63    452.58    533.13    175.48     59.52    209.67    234.17    398.52
       420   2791.22    912.85   1167.09    929.26   1017.15    986.91   1003.25   1151.62   1229.80      0.00    216.81       INF    663.45    286.24    286.24     47.90     55.82    149.27      0.00     55.82   1013.02    969.16    986.91    974.34       INF       INF    815.22   1405.39   1440.57   1121.42   1132.14   1108.18   1060.56    940.62   1021.17   1109.71   1289.32   1025.60   1126.94    886.67
       392   2771.95    893.58   1147.82    909.99    997.88    967.64    983.98   1132.35   1210.53    216.81      0.00       INF    644.18    266.97    266.97    168.91    215.03    130.00    216.81    215.03    993.75    949.89    967.64    955.07       INF       INF    795.95   1386.12   1421.30   1102.15   1112.87   1088.91   1041.29    921.35   1001.90   1090.44   1270.05   1006.33   1107.67    867.40
      1005       INF       INF       INF       INF       INF       INF       INF       INF       INF       INF       INF      0.00       INF       INF       INF       INF       INF       INF       INF       INF       INF       INF       INF       INF     19.04     19.04       INF       INF       INF       INF       INF       INF       INF       INF       INF       INF       INF       INF       INF       INF
       151   2291.76    249.40    503.64    265.81    353.70    323.46    339.80    488.17    566.35    663.45    644.18       INF      0.00    651.15    651.15    615.55    661.67    514.18    663.45    661.67    349.57    305.71    323.46    310.89       INF       INF    151.77    741.94    777.12    457.97    468.69    444.73    397.11    277.17    357.72    446.26    625.87    362.15    463.49    223.22
       404   2778.92    900.55   1154.79    916.96   1004.85    974.61    990.95   1139.32   1217.50    286.24    266.97       INF    651.15      0.00      0.00    238.34    284.46    136.97    286.24    284.46   1000.72    956.86    974.61    962.04       INF       INF    802.92   1393.09   1428.27   1109.12   1119.84   1095.88   1048.26    928.32   1008.87   1097.41   1277.02   1013.30   1114.64    874.37
       404   2778.92    900.55   1154.79    916.96   1004.85    974.61    990.95   1139.32   1217.50    286.24    266.97       INF    651.15      0.00      0.00    238.34    284.46    136.97    286.24    284.46   1000.72    956.86    974.61    962.04       INF       INF    802.92   1393.09   1428.27   1109.12   1119.84   1095.88   1048.26    928.32   1008.87   1097.41   1277.02   1013.30   1114.64    874.37
       371   2743.32    864.95   1119.19    881.36    969.25    939.01    955.35   1103.72   1181.90     47.90    168.91       INF    615.55    238.34    238.34      0.00    103.72    101.37     47.90    103.72    965.12    921.26    939.01    926.44       INF       INF    767.32   1357.49   1392.67   1073.52   1084.24   1060.28   1012.66    892.72    973.27   1061.81   1241.42    977.70   1079.04    838.77
       391   2789.44    911.07   1165.31    927.48   1015.37    985.13   1001.47   1149.84   1228.02     55.82    215.03       INF    661.67    284.46    284.46    103.72      0.00    147.49     55.82      0.00   1011.24    967.38    985.13    972.56       INF       INF    813.44   1403.61   1438.79   1119.64   1130.36   1106.40   1058.78    938.84   1019.39   1107.93   1287.54   1023.82   1125.16    884.89
       414   2641.95    763.58   1017.82    779.99    867.88    837.64    853.98   1002.35   1080.53    149.27    130.00       INF    514.18    136.97    136.97    101.37    147.49      0.00    149.27    147.49    863.75    819.89    837.64    825.07       INF       INF    665.95   1256.12   1291.30    972.15    982.87    958.91    911.29    791.35    871.90    960.44   1140.05    876.33    977.67    737.40
       420   2791.22    912.85   1167.09    929.26   1017.15    986.91   1003.25   1151.62   1229.80      0.00    216.81       INF    663.45    286.24    286.24     47.90     55.82    149.27      0.00     55.82   1013.02    969.16    986.91    974.34       INF       INF    815.22   1405.39   1440.57   1121.42   1132.14   1108.18   1060.56    940.62   1021.17   1109.71   1289.32   1025.60   1126.94    886.67
       391   2789.44    911.07   1165.31    927.48   1015.37    985.13   1001.47   1149.84   1228.02     55.82    215.03       INF    661.67    284.46    284.46    103.72      0.00    147.49     55.82      0.00   1011.24    967.38    985.13    972.56       INF       INF    813.44   1403.61   1438.79   1119.64   1130.36   1106.40   1058.78    938.84   1019.39   1107.93   1287.54   1023.82   1125.16    884.89
       996   1942.19    451.89    706.13    468.30    312.33    161.19    177.53    397.97    346.21   1013.02    993.75       INF    349.57   1000.72   1000.72    965.12   1011.24    863.75   1013.02   1011.24      0.00     43.86    161.19    269.52       INF       INF    354.26    571.79    606.97    416.60    427.32    403.36    544.42    114.90    195.45    495.27    316.31    320.78    422.12    425.71
       995   1986.05    408.03    662.27    424.44    268.47    117.33    133.67    402.94    390.07    969.16    949.89       INF    305.71    956.86    956.86    921.26    967.38    819.89    969.16    967.38     43.86      0.00    117.33    225.66       INF       INF    310.40    615.65    650.83    372.74    383.46    359.50    555.74     71.04    151.59    539.13    360.17    276.92    378.26    381.85
      1003   2103.38    425.78    680.02    442.19    286.22      0.00     16.34    420.69    498.87    986.91    967.64       INF    323.46    974.61    974.61    939.01    985.13    837.64    986.91    985.13    161.19    117.33      0.00    243.41       INF       INF    328.15    674.46    709.64    390.49    401.21    377.25    573.49     46.29    114.77    576.55    477.50    294.67    396.01    399.60
       905   2104.62    413.21    667.45    429.62     42.81    243.41    259.75    177.28    255.46    974.34    955.07       INF    310.89    962.04    962.04    926.44    972.56    825.07    974.34    972.56    269.52    225.66    243.41      0.00       INF       INF    315.58    431.05    466.23    147.08    157.80    133.84    382.29    197.12    277.67    333.14    314.98     51.26    152.60    387.03
      1004       INF       INF       INF       INF       INF       INF       INF       INF       INF       INF       INF     19.04       INF       INF       INF       INF       INF       INF       INF       INF       INF       INF       INF       INF      0.00      0.00       INF       INF       INF       INF       INF       INF       INF       INF       INF       INF       INF       INF       INF       INF
      1004       INF       INF       INF       INF       INF       INF       INF       INF       INF       INF       INF     19.04       INF       INF       INF       INF       INF       INF       INF       INF       INF       INF       INF       INF      0.00      0.00       INF       INF       INF       INF       INF       INF       INF       INF       INF       INF       INF       INF       INF       INF
       148   2296.45     97.63    351.87    114.04    358.39    328.15    344.49    450.35    469.97    815.22    795.95       INF    151.77    802.92    802.92    767.32    813.44    665.95    815.22    813.44    354.26    310.40    328.15    315.58       INF       INF      0.00    645.56    680.74    462.66    473.38    449.42    245.34    281.86    362.41    294.49    529.49    366.84    468.18     71.45
      1011   1942.10    569.15    823.39    585.56    388.24    674.46    690.80    253.77    252.85   1405.39   1386.12       INF    741.94   1393.09   1393.09   1357.49   1403.61   1256.12   1405.39   1403.61    571.79    615.65    674.46    431.05       INF       INF    645.56      0.00     35.18    404.24    414.96    391.00    400.22    628.17    708.72    351.07    312.37    385.26    409.76    574.11
      1010   1977.28    604.33    858.57    620.74    423.42    709.64    725.98    288.95    288.03   1440.57   1421.30       INF    777.12   1428.27   1428.27   1392.67   1438.79   1291.30   1440.57   1438.79    606.97    650.83    709.64    466.23       INF       INF    680.74     35.18      0.00    439.42    450.14    426.18    435.40    663.35    743.90    386.25    347.55    420.44    444.94    609.29
      1013   2077.81    524.41    778.65    540.82    146.16    390.49    406.83    150.47    228.65   1121.42   1102.15       INF    457.97   1109.12   1109.12   1073.52   1119.64    972.15   1121.42   1119.64    416.60    372.74    390.49    147.08       INF       INF    462.66    404.24    439.42      0.00     62.87     38.91    355.48    344.20    424.75    306.33    288.17     95.82     20.15    529.37
      1015   2088.53    535.13    789.37    551.54    156.88    401.21    417.55    161.19    239.37   1132.14   1112.87       INF    468.69   1119.84   1119.84   1084.24   1130.36    982.87   1132.14   1130.36    427.32    383.46    401.21    157.80       INF       INF    473.38    414.96    450.14     62.87      0.00     23.96    366.20    354.92    435.47    317.05    298.89    106.54     42.72    540.09
       913   2064.57    511.17    765.41    527.58    132.92    377.25    393.59    137.23    215.41   1108.18   1088.91       INF    444.73   1095.88   1095.88   1060.28   1106.40    958.91   1108.18   1106.40    403.36    359.50    377.25    133.84       INF       INF    449.42    391.00    426.18     38.91     23.96      0.00    342.24    330.96    411.51    293.09    274.93     82.58     18.76    516.13
        62   2073.79    168.93    423.17    185.34    339.48    573.49    589.83    205.01    224.63   1060.56   1041.29       INF    397.11   1048.26   1048.26   1012.66   1058.78    911.29   1060.56   1058.78    544.42    555.74    573.49    382.29       INF       INF    245.34    400.22    435.40    355.48    366.20    342.24      0.00    527.20    607.75     49.15    284.15    336.50    361.00    173.89
       997   2057.09    379.49    633.73    395.90    239.93     46.29     62.63    374.40    452.58    940.62    921.35       INF    277.17    928.32    928.32    892.72    938.84    791.35    940.62    938.84    114.90     71.04     46.29    197.12       INF       INF    281.86    628.17    663.35    344.20    354.92    330.96    527.20      0.00     80.55    530.26    431.21    248.38    349.72    353.31
       999   2137.64    460.04    714.28    476.45    320.48    114.77     98.43    454.95    533.13   1021.17   1001.90       INF    357.72   1008.87   1008.87    973.27   1019.39    871.90   1021.17   1019.39    195.45    151.59    114.77    277.67       INF       INF    362.41    708.72    743.90    424.75    435.47    411.51    607.75     80.55      0.00    610.81    511.76    328.93    430.27    433.86
       606   2024.64    218.08    472.32    234.49    290.33    576.55    592.89    155.86    175.48   1109.71   1090.44       INF    446.26   1097.41   1097.41   1061.81   1107.93    960.44   1109.71   1107.93    495.27    539.13    576.55    333.14       INF       INF    294.49    351.07    386.25    306.33    317.05    293.09     49.15    530.26    610.81      0.00    235.00    287.35    311.85    223.04
       936   1845.68    453.08    707.32    469.49    272.17    477.50    493.84    137.70     59.52   1289.32   1270.05       INF    625.87   1277.02   1277.02   1241.42   1287.54   1140.05   1289.32   1287.54    316.31    360.17    477.50    314.98       INF       INF    529.49    312.37    347.55    288.17    298.89    274.93    284.15    431.21    511.76    235.00      0.00    269.19    293.69    458.04
       910   2058.83    464.47    718.71    480.88     56.65    294.67    311.01    131.49    209.67   1025.60   1006.33       INF    362.15   1013.30   1013.30    977.70   1023.82    876.33   1025.60   1023.82    320.78    276.92    294.67     51.26       INF       INF    366.84    385.26    420.44     95.82    106.54     82.58    336.50    248.38    328.93    287.35    269.19      0.00    101.34    438.29
      1014   2083.33    529.93    784.17    546.34    151.68    396.01    412.35    155.99    234.17   1126.94   1107.67       INF    463.49   1114.64   1114.64   1079.04   1125.16    977.67   1126.94   1125.16    422.12    378.26    396.01    152.60       INF       INF    468.18    409.76    444.94     20.15     42.72     18.76    361.00    349.72    430.27    311.85    293.69    101.34      0.00    534.89
      1401   2247.68     26.18    280.42     42.59    429.84    399.60    415.94    378.90    398.52    886.67    867.40       INF    223.22    874.37    874.37    838.77    884.89    737.40    886.67    884.89    425.71    381.85    399.60    387.03       INF       INF     71.45    574.11    609.29    529.37    540.09    516.13    173.89    353.31    433.86    223.04    458.04    438.29    534.89      0.00
TSP求解失败
sum: 1438, edgenum: 3204
地图加载成功
节点数：1438

生成 500 个订单：

===== R树插入完成 =====
已经插入 500 个订单

===== R树查询 =====
查询区域: (122.060000, 37.530000) ~ (122.070000, 37.535000)
找到 33 个订单
Order: id=373, pointid=291
Order: id=326, pointid=937
Order: id=99, pointid=299
Order: id=79, pointid=995
Order: id=193, pointid=998
Order: id=237, pointid=925
Order: id=222, pointid=997
Order: id=284, pointid=1005
Order: id=16, pointid=1004
Order: id=136, pointid=1004
Order: id=264, pointid=1011
Order: id=286, pointid=913
Order: id=376, pointid=615
Order: id=368, pointid=912
Order: id=197, pointid=603
Order: id=249, pointid=606
Order: id=88, pointid=785
Order: id=209, pointid=785
Order: id=494, pointid=279
Order: id=134, pointid=999
Order: id=142, pointid=302
Order: id=474, pointid=911
Order: id=119, pointid=1016
Order: id=84, pointid=117
Order: id=444, pointid=910
Order: id=109, pointid=1007
Order: id=30, pointid=1008
Order: id=120, pointid=1007
Order: id=468, pointid=603
Order: id=39, pointid=911
Order: id=55, pointid=298
Order: id=8, pointid=290
Order: id=59, pointid=294

===== 距离矩阵 =====
                BASE       291       937       299       995       998       925       997      1005      1004      1004      1011       913       615       912       603       606       785       785       279       999       302       911      1016       117       910      1007      1008      1007       603       911       298       290       294
      BASE      0.00   2096.29   1856.42   2359.63   1986.05   2073.16   1832.08   2057.09       INF       INF       INF   1942.10   2064.57   2011.11   2020.41   2052.73   2024.64   2661.64   2661.64   2427.27   2137.64   2388.75   2036.55   2118.39   2253.33   2058.83   1944.34   1975.50   1944.34   2052.73   2036.55   2035.84   2079.94   2446.03
       291   2096.29      0.00    419.66    263.34    110.24     97.77    264.21     81.70       INF       INF       INF    546.47    249.26    435.03    205.10    466.56    448.56    716.71    716.71    330.98    162.25    292.46    188.96    303.08    308.40    166.68    548.71    579.87    548.71    466.56    188.96     60.45     16.35    349.74
       937   1856.42    419.66      0.00    683.00    370.91    458.02    216.94    441.95       INF       INF       INF    301.63    264.19    210.73    220.03    252.35    224.26    861.26    861.26    750.64    522.50    712.12    236.17    318.01    452.95    258.45    303.87    335.03    303.87    252.35    236.17    420.70    436.01    769.40
       299   2359.63    263.34    683.00      0.00    373.58    361.11    527.55    345.04       INF       INF       INF    809.81    512.60    527.66    468.44    486.04    514.13    736.19    736.19     67.64    425.59     29.12    452.30    566.42    327.88    430.02    812.05    843.21    812.05    486.04    452.30    323.79    279.69     86.40
       995   1986.05    110.24    370.91    373.58      0.00     87.11    153.97     71.04       INF       INF       INF    615.65    359.50    525.60    315.34    567.22    539.13    826.95    826.95    441.22    151.59    402.70    299.20    413.32    418.64    276.92    617.89    649.05    617.89    567.22    299.20     49.79     93.89    459.98
       998   2073.16     97.77    458.02    361.11     87.11      0.00    241.08     16.07       INF       INF       INF    644.24    347.03    532.80    302.87    564.33    546.33    814.48    814.48    428.75     64.48    390.23    286.73    400.85    406.17    264.45    646.48    677.64    646.48    564.33    286.73     37.32     81.42    447.51
       925   1832.08    264.21    216.94    527.55    153.97    241.08      0.00    225.01       INF       INF       INF    461.68    425.09    371.63    380.93    413.25    385.16    980.92    980.92    595.19    305.56    556.67    397.07    478.91    572.61    419.35    463.92    495.08    463.92    413.25    397.07    203.76    247.86    613.95
       997   2057.09     81.70    441.95    345.04     71.04     16.07    225.01      0.00       INF       INF       INF    628.17    330.96    516.73    286.80    548.26    530.26    798.41    798.41    412.68     80.55    374.16    270.66    384.78    390.10    248.38    630.41    661.57    630.41    548.26    270.66     21.25     65.35    431.44
      1005       INF       INF       INF       INF       INF       INF       INF       INF      0.00     19.04     19.04       INF       INF       INF       INF       INF       INF       INF       INF       INF       INF       INF       INF       INF       INF       INF       INF       INF       INF       INF       INF       INF       INF       INF
      1004       INF       INF       INF       INF       INF       INF       INF       INF     19.04      0.00      0.00       INF       INF       INF       INF       INF       INF       INF       INF       INF       INF       INF       INF       INF       INF       INF       INF       INF       INF       INF       INF       INF       INF       INF
      1004       INF       INF       INF       INF       INF       INF       INF       INF     19.04      0.00      0.00       INF       INF       INF       INF       INF       INF       INF       INF       INF       INF       INF       INF       INF       INF       INF       INF       INF       INF       INF       INF       INF       INF       INF
      1011   1942.10    546.47    301.63    809.81    615.65    644.24    461.68    628.17       INF       INF       INF      0.00    391.00    337.54    346.84    379.16    351.07    988.07    988.07    877.45    708.72    838.93    362.98    444.82    579.76    385.26     55.08     81.93     55.08    379.16    362.98    606.92    562.82    896.21
       913   2064.57    249.26    264.19    512.60    359.50    347.03    425.09    330.96       INF       INF       INF    391.00      0.00    279.56     44.16    321.18    293.09    930.09    930.09    580.24    411.51    541.72     60.30     53.82    521.78     82.58    393.24    424.40    393.24    321.18     60.30    309.71    265.61    599.00
       615   2011.11    435.03    210.73    527.66    525.60    532.80    371.63    516.73       INF       INF       INF    337.54    279.56      0.00    235.40     41.62     13.53    650.53    650.53    595.30    597.28    556.78    251.54    333.38    242.22    273.82    339.78    370.94    339.78     41.62    251.54    495.48    451.38    614.06
       912   2020.41    205.10    220.03    468.44    315.34    302.87    380.93    286.80       INF       INF       INF    346.84     44.16    235.40      0.00    277.02    248.93    885.93    885.93    536.08    367.35    497.56     16.14     97.98    477.62     38.42    349.08    380.24    349.08    277.02     16.14    265.55    221.45    554.84
       603   2052.73    466.56    252.35    486.04    567.22    564.33    413.25    548.26       INF       INF       INF    379.16    321.18     41.62    277.02      0.00     28.09    608.91    608.91    553.68    628.81    515.16    293.16    375.00    200.60    315.44    381.40    412.56    381.40      0.00    293.16    527.01    482.91    572.44
       606   2024.64    448.56    224.26    514.13    539.13    546.33    385.16    530.26       INF       INF       INF    351.07    293.09     13.53    248.93     28.09      0.00    637.00    637.00    581.77    610.81    543.25    265.07    346.91    228.69    287.35    353.31    384.47    353.31     28.09    265.07    509.01    464.91    600.53
       785   2661.64    716.71    861.26    736.19    826.95    814.48    980.92    798.41       INF       INF       INF    988.07    930.09    650.53    885.93    608.91    637.00      0.00      0.00    803.83    878.96    765.31    902.07    983.91    408.31    883.39    990.31   1021.47    990.31    608.91    902.07    777.16    733.06    822.59
       785   2661.64    716.71    861.26    736.19    826.95    814.48    980.92    798.41       INF       INF       INF    988.07    930.09    650.53    885.93    608.91    637.00      0.00      0.00    803.83    878.96    765.31    902.07    983.91    408.31    883.39    990.31   1021.47    990.31    608.91    902.07    777.16    733.06    822.59
       279   2427.27    330.98    750.64     67.64    441.22    428.75    595.19    412.68       INF       INF       INF    877.45    580.24    595.30    536.08    553.68    581.77    803.83    803.83      0.00    493.23     38.52    519.94    634.06    395.52    497.66    879.69    910.85    879.69    553.68    519.94    391.43    347.33     18.76
       999   2137.64    162.25    522.50    425.59    151.59     64.48    305.56     80.55       INF       INF       INF    708.72    411.51    597.28    367.35    628.81    610.81    878.96    878.96    493.23      0.00    454.71    351.21    465.33    470.65    328.93    710.96    742.12    710.96    628.81    351.21    101.80    145.90    511.99
       302   2388.75    292.46    712.12     29.12    402.70    390.23    556.67    374.16       INF       INF       INF    838.93    541.72    556.78    497.56    515.16    543.25    765.31    765.31     38.52    454.71      0.00    481.42    595.54    357.00    459.14    841.17    872.33    841.17    515.16    481.42    352.91    308.81     57.28
       911   2036.55    188.96    236.17    452.30    299.20    286.73    397.07    270.66       INF       INF       INF    362.98     60.30    251.54     16.14    293.16    265.07    902.07    902.07    519.94    351.21    481.42      0.00    114.12    493.76     22.28    365.22    396.38    365.22    293.16      0.00    249.41    205.31    538.70
      1016   2118.39    303.08    318.01    566.42    413.32    400.85    478.91    384.78       INF       INF       INF    444.82     53.82    333.38     97.98    375.00    346.91    983.91    983.91    634.06    465.33    595.54    114.12      0.00    575.60    136.40    447.06    478.22    447.06    375.00    114.12    363.53    319.43    652.82
       117   2253.33    308.40    452.95    327.88    418.64    406.17    572.61    390.10       INF       INF       INF    579.76    521.78    242.22    477.62    200.60    228.69    408.31    408.31    395.52    470.65    357.00    493.76    575.60      0.00    475.08    582.00    613.16    582.00    200.60    493.76    368.85    324.75    414.28
       910   2058.83    166.68    258.45    430.02    276.92    264.45    419.35    248.38       INF       INF       INF    385.26     82.58    273.82     38.42    315.44    287.35    883.39    883.39    497.66    328.93    459.14     22.28    136.40    475.08      0.00    387.50    418.66    387.50    315.44     22.28    227.13    183.03    516.42
      1007   1944.34    548.71    303.87    812.05    617.89    646.48    463.92    630.41       INF       INF       INF     55.08    393.24    339.78    349.08    381.40    353.31    990.31    990.31    879.69    710.96    841.17    365.22    447.06    582.00    387.50      0.00     31.16      0.00    381.40    365.22    609.16    565.06    898.45
      1008   1975.50    579.87    335.03    843.21    649.05    677.64    495.08    661.57       INF       INF       INF     81.93    424.40    370.94    380.24    412.56    384.47   1021.47   1021.47    910.85    742.12    872.33    396.38    478.22    613.16    418.66     31.16      0.00     31.16    412.56    396.38    640.32    596.22    929.61
      1007   1944.34    548.71    303.87    812.05    617.89    646.48    463.92    630.41       INF       INF       INF     55.08    393.24    339.78    349.08    381.40    353.31    990.31    990.31    879.69    710.96    841.17    365.22    447.06    582.00    387.50      0.00     31.16      0.00    381.40    365.22    609.16    565.06    898.45
       603   2052.73    466.56    252.35    486.04    567.22    564.33    413.25    548.26       INF       INF       INF    379.16    321.18     41.62    277.02      0.00     28.09    608.91    608.91    553.68    628.81    515.16    293.16    375.00    200.60    315.44    381.40    412.56    381.40      0.00    293.16    527.01    482.91    572.44
       911   2036.55    188.96    236.17    452.30    299.20    286.73    397.07    270.66       INF       INF       INF    362.98     60.30    251.54     16.14    293.16    265.07    902.07    902.07    519.94    351.21    481.42      0.00    114.12    493.76     22.28    365.22    396.38    365.22    293.16      0.00    249.41    205.31    538.70
       298   2035.84     60.45    420.70    323.79     49.79     37.32    203.76     21.25       INF       INF       INF    606.92    309.71    495.48    265.55    527.01    509.01    777.16    777.16    391.43    101.80    352.91    249.41    363.53    368.85    227.13    609.16    640.32    609.16    527.01    249.41      0.00     44.10    410.19
       290   2079.94     16.35    436.01    279.69     93.89     81.42    247.86     65.35       INF       INF       INF    562.82    265.61    451.38    221.45    482.91    464.91    733.06    733.06    347.33    145.90    308.81    205.31    319.43    324.75    183.03    565.06    596.22    565.06    482.91    205.31     44.10      0.00    366.09
       294   2446.03    349.74    769.40     86.40    459.98    447.51    613.95    431.44       INF       INF       INF    896.21    599.00    614.06    554.84    572.44    600.53    822.59    822.59     18.76    511.99     57.28    538.70    652.82    414.28    516.42    898.45    929.61    898.45    572.44    538.70    410.19    366.09      0.00
TSP求解失败
sum: 1438, edgenum: 3204
地图加载成功
节点数：1438

生成 500 个订单：

===== R树插入完成 =====
已经插入 500 个订单

===== R树查询 =====
查询区域: (122.060000, 37.530000) ~ (122.070000, 37.535000)
找到 39 个订单
Order: id=167, pointid=279
Order: id=150, pointid=151
Order: id=340, pointid=299
Order: id=32, pointid=299
Order: id=114, pointid=414
Order: id=165, pointid=404
Order: id=223, pointid=414
Order: id=386, pointid=921
Order: id=126, pointid=389
Order: id=279, pointid=391
Order: id=108, pointid=401
Order: id=487, pointid=401
Order: id=235, pointid=90
Order: id=293, pointid=414
Order: id=418, pointid=74
Order: id=400, pointid=1003
Order: id=31, pointid=981
Order: id=331, pointid=981
Order: id=208, pointid=1013
Order: id=482, pointid=980
Order: id=332, pointid=908
Order: id=204, pointid=1000
Order: id=497, pointid=912
Order: id=227, pointid=913
Order: id=94, pointid=1019
Order: id=95, pointid=1017
Order: id=322, pointid=609
Order: id=75, pointid=1000
Order: id=91, pointid=942
Order: id=351, pointid=939
Order: id=481, pointid=952
Order: id=447, pointid=956
Order: id=42, pointid=1011
Order: id=401, pointid=1009
Order: id=488, pointid=607
Order: id=222, pointid=952
Order: id=87, pointid=950
Order: id=241, pointid=925
Order: id=278, pointid=952

===== 距离矩阵 =====
                BASE       279       151       299       299       414       404       414       921       389       391       401       401        90       414        74      1003       981       981      1013       980       908      1000       912       913      1019      1017       609      1000       942       939       952       956      1011      1009       607       952       950       925       952
      BASE      0.00   2427.27   2291.76   2359.63   2359.63   2641.95   2778.92   2641.95   2391.84   2673.18   2789.44   2738.89   2738.89   2465.34   2641.95   2610.62   2103.38   2031.49   2031.49   2077.81   2050.70   1985.97   2170.16   2020.41   2064.57   2059.90   2114.13   2034.06   2170.16   1882.95   1865.55   1869.47   1887.79   1942.10   1988.77   1997.13   1869.47   1861.36   1832.08   1869.47
       279   2427.27      0.00    135.51     67.64     67.64    649.69    786.66    649.69    235.59    680.92    797.18    746.63    746.63    607.53    649.69    752.81    458.97    519.53    519.53    593.48    500.32    565.05    525.75    536.08    580.24    575.57    629.80    656.59    525.75    724.11    741.51    706.89    663.23    877.45    924.12    619.66    706.89    698.78    595.19    706.89
       151   2291.76    135.51      0.00     67.87     67.87    514.18    651.15    514.18    100.08    545.41    661.67    611.12    611.12    472.02    514.18    617.30    323.46    384.02    384.02    457.97    364.81    429.54    390.24    400.57    444.73    440.06    494.29    521.08    390.24    588.60    606.00    571.38    527.72    741.94    788.61    484.15    571.38    563.27    459.68    571.38
       299   2359.63     67.64     67.87      0.00      0.00    582.05    719.02    582.05    167.95    613.28    729.54    678.99    678.99    539.89    582.05    685.17    391.33    451.89    451.89    525.84    432.68    497.41    458.11    468.44    512.60    507.93    562.16    588.95    458.11    656.47    673.87    639.25    595.59    809.81    856.48    552.02    639.25    631.14    527.55    639.25
       299   2359.63     67.64     67.87      0.00      0.00    582.05    719.02    582.05    167.95    613.28    729.54    678.99    678.99    539.89    582.05    685.17    391.33    451.89    451.89    525.84    432.68    497.41    458.11    468.44    512.60    507.93    562.16    588.95    458.11    656.47    673.87    639.25    595.59    809.81    856.48    552.02    639.25    631.14    527.55    639.25
       414   2641.95    649.69    514.18    582.05    582.05      0.00    136.97      0.00    414.10     31.23    147.49     96.94     96.94    986.20      0.00   1131.48    837.64    898.20    898.20    972.15    878.99    943.72    904.42    914.75    958.91    954.24   1008.47   1035.26    904.42   1102.78   1120.18   1085.56   1041.90   1256.12   1302.79    998.33   1085.56   1077.45    973.86   1085.56
       404   2778.92    786.66    651.15    719.02    719.02    136.97      0.00    136.97    551.07    168.20    284.46    233.91    233.91   1123.17    136.97   1268.45    974.61   1035.17   1035.17   1109.12   1015.96   1080.69   1041.39   1051.72   1095.88   1091.21   1145.44   1172.23   1041.39   1239.75   1257.15   1222.53   1178.87   1393.09   1439.76   1135.30   1222.53   1214.42   1110.83   1222.53
       414   2641.95    649.69    514.18    582.05    582.05      0.00    136.97      0.00    414.10     31.23    147.49     96.94     96.94    986.20      0.00   1131.48    837.64    898.20    898.20    972.15    878.99    943.72    904.42    914.75    958.91    954.24   1008.47   1035.26    904.42   1102.78   1120.18   1085.56   1041.90   1256.12   1302.79    998.33   1085.56   1077.45    973.86   1085.56
       921   2391.84    235.59    100.08    167.95    167.95    414.10    551.07    414.10      0.00    445.33    561.59    511.04    511.04    572.10    414.10    717.38    423.54    484.10    484.10    558.05    464.89    529.62    490.32    500.65    544.81    540.14    594.37    621.16    490.32    688.68    706.08    671.46    627.80    842.02    888.69    584.23    671.46    663.35    559.76    671.46
       389   2673.18    680.92    545.41    613.28    613.28     31.23    168.20     31.23    445.33      0.00    116.26     65.71     65.71   1017.43     31.23   1162.71    868.87    929.43    929.43   1003.38    910.22    974.95    935.65    945.98    990.14    985.47   1039.70   1066.49    935.65   1134.01   1151.41   1116.79   1073.13   1287.35   1334.02   1029.56   1116.79   1108.68   1005.09   1116.79
       391   2789.44    797.18    661.67    729.54    729.54    147.49    284.46    147.49    561.59    116.26      0.00     56.02     56.02   1133.69    147.49   1278.97    985.13   1045.69   1045.69   1119.64   1026.48   1091.21   1051.91   1062.24   1106.40   1101.73   1155.96   1182.75   1051.91   1250.27   1267.67   1233.05   1189.39   1403.61   1450.28   1145.82   1233.05   1224.94   1121.35   1233.05
       401   2738.89    746.63    611.12    678.99    678.99     96.94    233.91     96.94    511.04     65.71     56.02      0.00      0.00   1083.14     96.94   1228.42    934.58    995.14    995.14   1069.09    975.93   1040.66   1001.36   1011.69   1055.85   1051.18   1105.41   1132.20   1001.36   1199.72   1217.12   1182.50   1138.84   1353.06   1399.73   1095.27   1182.50   1174.39   1070.80   1182.50
       401   2738.89    746.63    611.12    678.99    678.99     96.94    233.91     96.94    511.04     65.71     56.02      0.00      0.00   1083.14     96.94   1228.42    934.58    995.14    995.14   1069.09    975.93   1040.66   1001.36   1011.69   1055.85   1051.18   1105.41   1132.20   1001.36   1199.72   1217.12   1182.50   1138.84   1353.06   1399.73   1095.27   1182.50   1174.39   1070.80   1182.50
        90   2465.34    607.53    472.02    539.89    539.89    986.20   1123.17    986.20    572.10   1017.43   1133.69   1083.14   1083.14      0.00    986.20    145.28    648.40    700.71    700.71    747.03    689.75    655.19    715.18    689.63    733.79    729.12    783.35    515.52    715.18    638.43    655.83    621.21    577.55    791.77    838.44    478.59    621.21    613.10    784.62    621.21
       414   2641.95    649.69    514.18    582.05    582.05      0.00    136.97      0.00    414.10     31.23    147.49     96.94     96.94    986.20      0.00   1131.48    837.64    898.20    898.20    972.15    878.99    943.72    904.42    914.75    958.91    954.24   1008.47   1035.26    904.42   1102.78   1120.18   1085.56   1041.90   1256.12   1302.79    998.33   1085.56   1077.45    973.86   1085.56
        74   2610.62    752.81    617.30    685.17    685.17   1131.48   1268.45   1131.48    717.38   1162.71   1278.97   1228.42   1228.42    145.28   1131.48      0.00    793.68    845.99    845.99    892.31    835.03    800.47    860.46    834.91    879.07    874.40    928.63    660.80    860.46    783.71    801.11    766.49    722.83    937.05    983.72    623.87    766.49    758.38    929.90    766.49
      1003   2103.38    458.97    323.46    391.33    391.33    837.64    974.61    837.64    423.54    868.87    985.13    934.58    934.58    648.40    837.64    793.68      0.00    316.54    316.54    390.49    297.33    362.06     66.78    333.09    377.25    372.58    426.81    598.49     66.78    514.77    497.37    503.90    460.24    674.46    721.13    561.56    503.90    495.79    271.30    503.90
       981   2031.49    519.53    384.02    451.89    451.89    898.20   1035.17    898.20    484.10    929.43   1045.69    995.14    995.14    700.71    898.20    845.99    316.54      0.00      0.00    115.84     19.21     45.52    383.32     58.44    102.60     97.93    152.16    281.95    383.32    204.58    221.98    187.36    143.70    357.92    404.59    245.02    187.36    179.25    392.01    187.36
       981   2031.49    519.53    384.02    451.89    451.89    898.20   1035.17    898.20    484.10    929.43   1045.69    995.14    995.14    700.71    898.20    845.99    316.54      0.00      0.00    115.84     19.21     45.52    383.32     58.44    102.60     97.93    152.16    281.95    383.32    204.58    221.98    187.36    143.70    357.92    404.59    245.02    187.36    179.25    392.01    187.36
      1013   2077.81    593.48    457.97    525.84    525.84    972.15   1109.12    972.15    558.05   1003.38   1119.64   1069.09   1069.09    747.03    972.15    892.31    390.49    115.84    115.84      0.00    135.05     91.84    457.27     57.40     38.91     48.05    102.28    328.27    457.27    250.90    268.30    233.68    190.02    404.24    450.91    291.34    233.68    225.57    438.33    233.68
       980   2050.70    500.32    364.81    432.68    432.68    878.99   1015.96    878.99    464.89    910.22   1026.48    975.93    975.93    689.75    878.99    835.03    297.33     19.21     19.21    135.05      0.00     64.73    364.11     77.65    121.81    117.14    171.37    301.16    364.11    223.79    241.19    206.57    162.91    377.13    423.80    264.23    206.57    198.46    411.22    206.57
       908   1985.97    565.05    429.54    497.41    497.41    943.72   1080.69    943.72    529.62    974.95   1091.21   1040.66   1040.66    655.19    943.72    800.47    362.06     45.52     45.52     91.84     64.73      0.00    428.84     34.44     78.60     73.93    128.16    236.43    428.84    159.06    176.46    141.84     98.18    312.40    359.07    199.50    141.84    133.73    346.49    141.84
      1000   2170.16    525.75    390.24    458.11    458.11    904.42   1041.39    904.42    490.32    935.65   1051.91   1001.36   1001.36    715.18    904.42    860.46     66.78    383.32    383.32    457.27    364.11    428.84      0.00    399.87    444.03    439.36    493.59    665.27      0.00    581.55    564.15    570.68    527.02    741.24    787.91    628.34    570.68    562.57    338.08    570.68
       912   2020.41    536.08    400.57    468.44    468.44    914.75   1051.72    914.75    500.65    945.98   1062.24   1011.69   1011.69    689.63    914.75    834.91    333.09     58.44     58.44     57.40     77.65     34.44    399.87      0.00     44.16     39.49     93.72    270.87    399.87    193.50    210.90    176.28    132.62    346.84    393.51    233.94    176.28    168.17    380.93    176.28
       913   2064.57    580.24    444.73    512.60    512.60    958.91   1095.88    958.91    544.81    990.14   1106.40   1055.85   1055.85    733.79    958.91    879.07    377.25    102.60    102.60     38.91    121.81     78.60    444.03     44.16      0.00     34.81     70.16    315.03    444.03    237.66    255.06    220.44    176.78    391.00    437.67    278.10    220.44    212.33    425.09    220.44
      1019   2059.90    575.57    440.06    507.93    507.93    954.24   1091.21    954.24    540.14    985.47   1101.73   1051.18   1051.18    729.12    954.24    874.40    372.58     97.93     97.93     48.05    117.14     73.93    439.36     39.49     34.81      0.00     54.23    310.36    439.36    232.99    250.39    215.77    172.11    386.33    433.00    273.43    215.77    207.66    420.42    215.77
      1017   2114.13    629.80    494.29    562.16    562.16   1008.47   1145.44   1008.47    594.37   1039.70   1155.96   1105.41   1105.41    783.35   1008.47    928.63    426.81    152.16    152.16    102.28    171.37    128.16    493.59     93.72     70.16     54.23      0.00    364.59    493.59    287.22    304.62    270.00    226.34    440.56    487.23    327.66    270.00    261.89    474.65    270.00
       609   2034.06    656.59    521.08    588.95    588.95   1035.26   1172.23   1035.26    621.16   1066.49   1182.75   1132.20   1132.20    515.52   1035.26    660.80    598.49    281.95    281.95    328.27    301.16    236.43    665.27    270.87    315.03    310.36    364.59      0.00    665.27    218.73    236.13    180.81    157.85    351.37    398.04     36.93    180.81    172.70    405.31    180.81
      1000   2170.16    525.75    390.24    458.11    458.11    904.42   1041.39    904.42    490.32    935.65   1051.91   1001.36   1001.36    715.18    904.42    860.46     66.78    383.32    383.32    457.27    364.11    428.84      0.00    399.87    444.03    439.36    493.59    665.27      0.00    581.55    564.15    570.68    527.02    741.24    787.91    628.34    570.68    562.57    338.08    570.68
       942   1882.95    724.11    588.60    656.47    656.47   1102.78   1239.75   1102.78    688.68   1134.01   1250.27   1199.72   1199.72    638.43   1102.78    783.71    514.77    204.58    204.58    250.90    223.79    159.06    581.55    193.50    237.66    232.99    287.22    218.73    581.55      0.00     17.40     54.26     60.88    275.10    321.77    181.80     54.26     46.15    243.47     54.26
       939   1865.55    741.51    606.00    673.87    673.87   1120.18   1257.15   1120.18    706.08   1151.41   1267.67   1217.12   1217.12    655.83   1120.18    801.11    497.37    221.98    221.98    268.30    241.19    176.46    564.15    210.90    255.06    250.39    304.62    236.13    564.15     17.40      0.00     71.66     78.28    292.50    339.17    199.20     71.66     63.55    226.07     71.66
       952   1869.47    706.89    571.38    639.25    639.25   1085.56   1222.53   1085.56    671.46   1116.79   1233.05   1182.50   1182.50    621.21   1085.56    766.49    503.90    187.36    187.36    233.68    206.57    141.84    570.68    176.28    220.44    215.77    270.00    180.81    570.68     54.26     71.66      0.00     43.66    237.18    283.85    143.88      0.00      8.11    240.72      0.00
       956   1887.79    663.23    527.72    595.59    595.59   1041.90   1178.87   1041.90    627.80   1073.13   1189.39   1138.84   1138.84    577.55   1041.90    722.83    460.24    143.70    143.70    190.02    162.91     98.18    527.02    132.62    176.78    172.11    226.34    157.85    527.02     60.88     78.28     43.66      0.00    214.22    260.89    120.92     43.66     35.55    248.31     43.66
      1011   1942.10    877.45    741.94    809.81    809.81   1256.12   1393.09   1256.12    842.02   1287.35   1403.61   1353.06   1353.06    791.77   1256.12    937.05    674.46    357.92    357.92    404.24    377.13    312.40    741.24    346.84    391.00    386.33    440.56    351.37    741.24    275.10    292.50    237.18    214.22      0.00     68.66    314.44    237.18    229.07    461.68    237.18
      1009   1988.77    924.12    788.61    856.48    856.48   1302.79   1439.76   1302.79    888.69   1334.02   1450.28   1399.73   1399.73    838.44   1302.79    983.72    721.13    404.59    404.59    450.91    423.80    359.07    787.91    393.51    437.67    433.00    487.23    398.04    787.91    321.77    339.17    283.85    260.89     68.66      0.00    361.11    283.85    275.74    508.35    283.85
       607   1997.13    619.66    484.15    552.02    552.02    998.33   1135.30    998.33    584.23   1029.56   1145.82   1095.27   1095.27    478.59    998.33    623.87    561.56    245.02    245.02    291.34    264.23    199.50    628.34    233.94    278.10    273.43    327.66     36.93    628.34    181.80    199.20    143.88    120.92    314.44    361.11      0.00    143.88    135.77    368.38    143.88
       952   1869.47    706.89    571.38    639.25    639.25   1085.56   1222.53   1085.56    671.46   1116.79   1233.05   1182.50   1182.50    621.21   1085.56    766.49    503.90    187.36    187.36    233.68    206.57    141.84    570.68    176.28    220.44    215.77    270.00    180.81    570.68     54.26     71.66      0.00     43.66    237.18    283.85    143.88      0.00      8.11    240.72      0.00
       950   1861.36    698.78    563.27    631.14    631.14   1077.45   1214.42   1077.45    663.35   1108.68   1224.94   1174.39   1174.39    613.10   1077.45    758.38    495.79    179.25    179.25    225.57    198.46    133.73    562.57    168.17    212.33    207.66    261.89    172.70    562.57     46.15     63.55      8.11     35.55    229.07    275.74    135.77      8.11      0.00    232.61      8.11
       925   1832.08    595.19    459.68    527.55    527.55    973.86   1110.83    973.86    559.76   1005.09   1121.35   1070.80   1070.80    784.62    973.86    929.90    271.30    392.01    392.01    438.33    411.22    346.49    338.08    380.93    425.09    420.42    474.65    405.31    338.08    243.47    226.07    240.72    248.31    461.68    508.35    368.38    240.72    232.61      0.00    240.72
       952   1869.47    706.89    571.38    639.25    639.25   1085.56   1222.53   1085.56    671.46   1116.79   1233.05   1182.50   1182.50    621.21   1085.56    766.49    503.90    187.36    187.36    233.68    206.57    141.84    570.68    176.28    220.44    215.77    270.00    180.81    570.68     54.26     71.66      0.00     43.66    237.18    283.85    143.88      0.00      8.11    240.72      0.00

===== TSP结果 =====
访问顺序：0 -> 34 -> 33 -> 27 -> 35 -> 20 -> 18 -> 17 -> 19 -> 24 -> 26 -> 25 -> 23 -> 21 -> 32 -> 39 -> 36 -> 31 -> 37 -> 29 -> 30 -> 38 -> 16 -> 22 -> 28 -> 6 -> 10 -> 12 -> 11 -> 9 -> 14 -> 7 -> 5 -> 8 -> 4 -> 1 -> 3 -> 2 -> 13 -> 15
总距离：6741.20
sum: 1438, edgenum: 3204
地图加载成功
节点数：1438

生成 500 个订单：

===== R树插入完成 =====
已经插入 500 个订单

===== R树查询 =====
查询区域: (122.060000, 37.530000) ~ (122.070000, 37.535000)
找到 33 个订单
Order: id=192, pointid=291
Order: id=308, pointid=147
Order: id=488, pointid=147
Order: id=491, pointid=278
Order: id=76, pointid=401
Order: id=422, pointid=1005
Order: id=167, pointid=956
Order: id=123, pointid=907
Order: id=19, pointid=954
Order: id=247, pointid=149
Order: id=271, pointid=615
Order: id=397, pointid=608
Order: id=481, pointid=117
Order: id=186, pointid=981
Order: id=264, pointid=952
Order: id=266, pointid=954
Order: id=259, pointid=302
Order: id=199, pointid=929
Order: id=371, pointid=276
Order: id=393, pointid=996
Order: id=311, pointid=1011
Order: id=345, pointid=1011
Order: id=475, pointid=608
Order: id=86, pointid=999
Order: id=235, pointid=936
Order: id=355, pointid=932
Order: id=72, pointid=929
Order: id=191, pointid=947
Order: id=162, pointid=929
Order: id=48, pointid=606
Order: id=214, pointid=608
Order: id=80, pointid=1019
Order: id=225, pointid=1018
TSP求解失败
sum: 1438, edgenum: 3204
地图加载成功
节点数：1438

生成 1000 个订单：

===== R树插入完成 =====
已经插入 1000 个订单

===== R树查询 =====
查询区域: (122.060000, 37.530000) ~ (122.070000, 37.535000)
找到 87 个订单
Order: id=543, pointid=998
Order: id=794, pointid=1002
Order: id=33, pointid=998
Order: id=533, pointid=998
Order: id=421, pointid=1000
Order: id=944, pointid=1000
Order: id=380, pointid=907
Order: id=740, pointid=907
Order: id=746, pointid=907
Order: id=394, pointid=940
Order: id=259, pointid=118
Order: id=388, pointid=118
Order: id=633, pointid=939
Order: id=540, pointid=610
Order: id=670, pointid=939
Order: id=928, pointid=610
Order: id=542, pointid=1017
Order: id=523, pointid=1016
Order: id=687, pointid=1018
Order: id=903, pointid=1017
Order: id=837, pointid=909
Order: id=212, pointid=603
Order: id=556, pointid=982
Order: id=866, pointid=603
Order: id=996, pointid=982
Order: id=131, pointid=1014
Order: id=248, pointid=913
Order: id=703, pointid=912
Order: id=859, pointid=1001
Order: id=804, pointid=981
Order: id=946, pointid=981
Order: id=412, pointid=1015
Order: id=966, pointid=1019
Order: id=360, pointid=948
Order: id=489, pointid=950
Order: id=438, pointid=945
Order: id=492, pointid=925
Order: id=575, pointid=928
Order: id=706, pointid=1007
Order: id=769, pointid=952
Order: id=841, pointid=954
Order: id=865, pointid=1011
Order: id=110, pointid=909
Order: id=40, pointid=908
Order: id=50, pointid=908
Order: id=433, pointid=147
Order: id=225, pointid=404
Order: id=785, pointid=147
Order: id=51, pointid=392
Order: id=453, pointid=390
Order: id=555, pointid=390
Order: id=445, pointid=117
Order: id=544, pointid=302
Order: id=564, pointid=1403
Order: id=702, pointid=276
Order: id=390, pointid=294
Order: id=344, pointid=291
Order: id=797, pointid=980
Order: id=754, pointid=290
Order: id=773, pointid=117
Order: id=266, pointid=285
Order: id=300, pointid=276
Order: id=186, pointid=295
Order: id=579, pointid=151
Order: id=267, pointid=74
Order: id=362, pointid=74
Order: id=774, pointid=74
Order: id=118, pointid=420
Order: id=651, pointid=401
Order: id=722, pointid=420
Order: id=882, pointid=420
Order: id=588, pointid=414
Order: id=666, pointid=371
Order: id=413, pointid=376
Order: id=760, pointid=376
Order: id=905, pointid=374
Order: id=917, pointid=371
Order: id=883, pointid=921
Order: id=847, pointid=978
Order: id=350, pointid=979
Order: id=688, pointid=979
Order: id=989, pointid=611
Order: id=309, pointid=911
Order: id=448, pointid=911
Order: id=440, pointid=995
Order: id=496, pointid=997
Order: id=715, pointid=291

===== TSP结果 =====
访问顺序：0 -> 37 -> 85 -> 2 -> 29 -> 5 -> 6 -> 4 -> 3 -> 1 -> 86 -> 59 -> 87 -> 57 -> 63 -> 61 -> 56 -> 62 -> 55 -> 53 -> 78 -> 50 -> 48 -> 46 -> 51 -> 49 -> 76 -> 74 -> 75 -> 73 -> 77 -> 68 -> 70 -> 71 -> 69 -> 72 -> 47 -> 64 -> 82 -> 12 -> 11 -> 16 -> 14 -> 39 -> 42 -> 41 -> 40 -> 35 -> 36 -> 10 -> 15 -> 13 -> 38 -> 34 -> 21 -> 43 -> 26 -> 27 -> 32 -> 18 -> 20 -> 17 -> 19 -> 33 -> 28 -> 83 -> 84 -> 79 -> 80 -> 81 -> 58 -> 30 -> 31 -> 25 -> 23 -> 45 -> 44 -> 9 -> 8 -> 7 -> 22 -> 24 -> 54 -> 52 -> 60 -> 65 -> 66 -> 67
总距离：8070.10
